date;time;NO2;O3;PM10;PM25;quality
01/01/2008;00:00;96;66;52;37;0
01/01/2008;01:00;92;66;50;36;0
01/01/2008;02:00;91;65;50;36;0
01/01/2008;03:00;91;64;50;36;0
01/01/2008;04:00;91;61;50;36;0
01/01/2008;05:00;91;61;49;36;0
01/01/2008;06:00;90;60;49;35;0
01/01/2008;07:00;90;59;49;35;0
01/01/2008;08:00;90;58;48;35;0
01/01/2008;09:00;90;58;48;35;0
01/01/2008;10:00;90;58;48;34;0
01/01/2008;11:00;89;57;48;34;0
01/01/2008;12:00;89;57;48;34;0
01/01/2008;13:00;89;57;47;34;0
01/01/2008;14:00;88;57;47;34;0
01/01/2008;15:00;88;57;46;34;0
01/01/2008;16:00;88;57;46;34;0
01/01/2008;17:00;88;57;46;33;0
01/01/2008;18:00;87;56;46;33;0
01/01/2008;19:00;87;56;46;33;0
01/01/2008;20:00;87;56;46;33;0
01/01/2008;21:00;87;56;46;33;0
01/01/2008;22:00;87;56;46;33;0
01/01/2008;23:00;86;55;45;33;0
01/02/2008;00:00;86;55;45;33;0
01/02/2008;01:00;86;55;45;32;0
01/02/2008;02:00;86;55;45;32;0
01/02/2008;03:00;86;55;45;32;0
01/02/2008;04:00;85;55;44;32;0
01/02/2008;05:00;85;55;44;32;0
01/02/2008;06:00;85;55;44;32;0
01/02/2008;07:00;85;55;44;32;0
01/02/2008;08:00;85;55;44;31;0
01/02/2008;09:00;85;55;43;31;0
01/02/2008;10:00;85;55;43;31;0
01/02/2008;11:00;85;54;43;31;0
01/02/2008;12:00;85;54;43;31;0
01/02/2008;13:00;84;54;43;31;0
01/02/2008;14:00;84;53;43;31;0
01/02/2008;15:00;84;53;43;31;0
01/02/2008;16:00;84;53;43;31;0
01/02/2008;17:00;84;53;43;31;0
01/02/2008;18:00;84;53;43;31;0
01/02/2008;19:00;84;53;43;31;0
01/02/2008;20:00;84;53;43;31;0
01/02/2008;21:00;84;53;43;31;0
01/02/2008;22:00;84;53;42;31;0
01/02/2008;23:00;83;52;42;31;0
01/03/2008;00:00;83;52;42;31;0
01/03/2008;01:00;83;52;42;31;0
01/03/2008;02:00;83;52;42;31;0
01/03/2008;03:00;83;52;42;31;0
01/03/2008;04:00;83;52;42;31;0
01/03/2008;05:00;83;52;42;31;0
01/03/2008;06:00;83;52;42;31;0
01/03/2008;07:00;83;52;42;30;0
01/03/2008;08:00;83;52;42;30;0
01/03/2008;09:00;83;52;41;30;0
01/03/2008;10:00;83;52;41;30;0
01/03/2008;11:00;83;51;41;30;0
01/03/2008;12:00;83;51;41;30;0
01/03/2008;13:00;83;51;41;30;0
01/03/2008;14:00;83;51;41;30;0
01/03/2008;15:00;83;51;41;30;0
01/03/2008;16:00;82;51;41;30;0
01/03/2008;17:00;82;51;41;30;0
01/03/2008;18:00;82;51;41;30;0
01/03/2008;19:00;82;51;41;30;0
01/03/2008;20:00;82;51;41;30;0
01/03/2008;21:00;82;51;41;29;0
01/03/2008;22:00;82;51;41;29;0
01/03/2008;23:00;82;51;40;29;0
01/04/2008;00:00;82;51;40;29;0
01/04/2008;01:00;82;50;40;29;0
01/04/2008;02:00;82;50;40;29;0
01/04/2008;03:00;82;50;40;29;0
01/04/2008;04:00;82;50;40;29;0
01/04/2008;05:00;82;50;40;29;0
01/04/2008;06:00;82;50;40;29;0
01/04/2008;07:00;81;50;40;29;0
01/04/2008;08:00;81;50;40;29;0
01/04/2008;09:00;81;50;39;29;0
01/04/2008;10:00;81;50;39;29;0
01/04/2008;11:00;81;50;39;29;0
01/04/2008;12:00;81;50;39;29;0
01/04/2008;13:00;81;50;39;29;0
01/04/2008;14:00;81;50;39;29;0
01/04/2008;15:00;81;50;39;29;0
01/04/2008;16:00;81;50;39;29;0
01/04/2008;17:00;81;50;39;29;0
01/04/2008;18:00;81;50;39;29;0
01/04/2008;19:00;81;50;39;29;0
01/04/2008;20:00;81;50;39;29;0
01/04/2008;21:00;81;49;39;29;0
01/04/2008;22:00;81;49;39;29;0
01/04/2008;23:00;81;49;39;29;0
01/05/2008;00:00;81;49;39;28;0
01/05/2008;01:00;81;49;39;28;0
01/05/2008;02:00;80;49;39;28;0
01/05/2008;03:00;80;49;38;28;0
01/05/2008;04:00;80;49;38;28;0
01/05/2008;05:00;80;49;38;28;0
01/05/2008;06:00;80;49;38;28;0
01/05/2008;07:00;80;49;38;28;0
01/05/2008;08:00;80;49;38;28;0
01/05/2008;09:00;80;49;38;28;0
01/05/2008;10:00;80;49;38;28;0
01/05/2008;11:00;80;49;38;28;0
01/05/2008;12:00;80;49;38;28;0
01/05/2008;13:00;80;49;38;28;0
01/05/2008;14:00;80;49;38;28;0
01/05/2008;15:00;80;49;38;28;0
01/05/2008;16:00;80;48;38;28;0
01/05/2008;17:00;80;48;38;28;0
01/05/2008;18:00;80;48;38;28;0
01/05/2008;19:00;80;48;38;28;0
01/05/2008;20:00;80;48;38;28;0
01/05/2008;21:00;80;48;38;28;0
01/05/2008;22:00;80;48;38;28;0
01/05/2008;23:00;80;48;38;28;0
01/06/2008;00:00;79;48;38;28;0
01/06/2008;01:00;79;48;38;28;0
01/06/2008;02:00;79;48;38;28;0
01/06/2008;03:00;79;48;38;28;0
01/06/2008;04:00;79;48;37;28;0
01/06/2008;05:00;79;48;37;28;0
01/06/2008;06:00;79;48;37;28;0
01/06/2008;07:00;79;48;37;28;0
01/06/2008;08:00;79;48;37;28;0
01/06/2008;09:00;79;48;37;28;0
01/06/2008;10:00;79;48;37;27;0
01/06/2008;11:00;79;48;37;27;0
01/06/2008;12:00;79;48;37;27;0
01/06/2008;13:00;79;48;37;27;0
01/06/2008;14:00;79;48;37;27;0
01/06/2008;15:00;79;48;37;27;0
01/06/2008;16:00;79;48;37;27;0
01/06/2008;17:00;79;48;37;27;0
01/06/2008;18:00;79;48;37;27;0
01/06/2008;19:00;79;48;37;27;0
01/06/2008;20:00;79;48;37;27;0
01/06/2008;21:00;79;48;37;27;0
01/06/2008;22:00;79;47;37;27;0
01/06/2008;23:00;79;47;37;27;0
01/07/2008;00:00;79;47;37;27;0
01/07/2008;01:00;79;47;37;27;0
01/07/2008;02:00;78;47;37;27;0
01/07/2008;03:00;78;47;37;27;0
01/07/2008;04:00;78;47;37;27;0
01/07/2008;05:00;78;47;37;27;0
01/07/2008;06:00;78;47;37;27;0
01/07/2008;07:00;78;47;37;27;0
01/07/2008;08:00;78;47;37;27;0
01/07/2008;09:00;78;47;37;27;0
01/07/2008;10:00;78;47;37;27;0
01/07/2008;11:00;78;47;37;27;0
01/07/2008;12:00;78;47;37;27;0
01/07/2008;13:00;78;47;37;27;0
01/07/2008;14:00;78;47;36;27;0
01/07/2008;15:00;78;47;36;26;0
01/07/2008;16:00;78;47;36;26;0
01/07/2008;17:00;78;47;36;26;0
01/07/2008;18:00;78;47;36;26;0
01/07/2008;19:00;78;47;36;26;0
01/07/2008;20:00;78;47;36;26;0
01/07/2008;21:00;78;47;36;26;0
01/07/2008;22:00;78;47;36;26;0
01/07/2008;23:00;78;47;36;26;0
01/08/2008;00:00;78;46;36;26;0
01/08/2008;01:00;77;46;36;26;0
01/08/2008;02:00;77;46;36;26;0
01/08/2008;03:00;77;46;36;26;0
01/08/2008;04:00;77;46;36;26;0
01/08/2008;05:00;77;46;36;26;0
01/08/2008;06:00;77;46;36;26;0
01/08/2008;07:00;77;46;36;26;0
01/08/2008;08:00;77;46;36;26;0
01/08/2008;09:00;77;46;36;26;0
01/08/2008;10:00;77;46;36;26;0
01/08/2008;11:00;77;46;36;26;0
01/08/2008;12:00;77;46;36;26;0
01/08/2008;13:00;77;46;36;26;0
01/08/2008;14:00;77;46;36;26;0
01/08/2008;15:00;77;46;36;26;0
01/08/2008;16:00;77;46;36;26;0
01/08/2008;17:00;77;46;36;26;0
01/08/2008;18:00;77;46;36;26;0
01/08/2008;19:00;77;46;36;26;0
01/08/2008;20:00;77;46;36;26;0
01/08/2008;21:00;77;45;36;26;0
01/08/2008;22:00;77;45;36;26;0
01/08/2008;23:00;77;45;36;26;0
01/09/2008;00:00;77;45;36;25;0
01/09/2008;01:00;77;45;36;25;0
01/09/2008;02:00;77;45;36;25;0
01/09/2008;03:00;77;45;36;25;0
01/09/2008;04:00;77;45;36;25;0
01/09/2008;05:00;77;45;36;25;0
01/09/2008;06:00;77;45;36;25;0
01/09/2008;07:00;77;45;36;25;0
01/09/2008;08:00;76;45;35;25;0
01/09/2008;09:00;76;45;35;25;0
01/09/2008;10:00;76;45;35;25;0
01/09/2008;11:00;76;45;35;25;0
01/09/2008;12:00;76;45;35;25;0
01/09/2008;13:00;76;45;35;25;0
01/09/2008;14:00;76;45;35;25;0
01/09/2008;15:00;76;45;35;25;0
01/09/2008;16:00;76;45;35;25;0
01/09/2008;17:00;76;45;35;25;0
01/09/2008;18:00;76;45;35;25;0
01/09/2008;19:00;76;45;35;25;0
01/09/2008;20:00;76;45;35;25;0
01/09/2008;21:00;76;45;35;25;0
01/09/2008;22:00;76;45;35;25;0
01/09/2008;23:00;76;45;35;25;0
01/10/2008;00:00;76;45;35;25;0
01/10/2008;01:00;76;45;35;25;0
01/10/2008;02:00;76;45;35;25;0
01/10/2008;03:00;76;44;35;25;0
01/10/2008;04:00;76;44;35;25;0
01/10/2008;05:00;76;44;35;25;0
01/10/2008;06:00;76;44;35;25;0
01/10/2008;07:00;76;44;35;25;0
01/10/2008;08:00;76;44;35;25;0
01/10/2008;09:00;76;44;35;25;0
01/10/2008;10:00;76;44;35;25;0
01/10/2008;11:00;76;44;35;25;0
01/10/2008;12:00;76;44;35;25;0
01/10/2008;13:00;76;44;35;25;0
01/10/2008;14:00;76;44;35;25;0
01/10/2008;15:00;75;44;35;25;0
01/10/2008;16:00;75;44;35;25;0
01/10/2008;17:00;75;44;35;25;0
01/10/2008;18:00;75;44;35;25;0
01/10/2008;19:00;75;44;35;25;0
01/10/2008;20:00;75;44;35;25;0
01/10/2008;21:00;75;44;35;24;0
01/10/2008;22:00;75;44;35;24;0
01/10/2008;23:00;75;44;35;24;0
01/11/2008;00:00;75;44;35;24;0
01/11/2008;01:00;75;44;35;24;0
01/11/2008;02:00;75;44;35;24;0
01/11/2008;03:00;75;44;35;24;0
01/11/2008;04:00;75;44;35;24;0
01/11/2008;05:00;75;44;35;24;0
01/11/2008;06:00;75;44;35;24;0
01/11/2008;07:00;75;44;35;24;0
01/11/2008;08:00;75;44;35;24;0
01/11/2008;09:00;75;44;35;24;0
01/11/2008;10:00;75;44;35;24;0
01/11/2008;11:00;75;44;35;24;0
01/11/2008;12:00;75;44;35;24;0
01/11/2008;13:00;75;44;35;24;0
01/11/2008;14:00;75;44;35;24;0
01/11/2008;15:00;75;43;35;24;0
01/11/2008;16:00;75;43;35;24;0
01/11/2008;17:00;75;43;35;24;0
01/11/2008;18:00;75;43;35;24;0
01/11/2008;19:00;75;43;35;24;0
01/11/2008;20:00;75;43;35;24;0
01/11/2008;21:00;75;43;35;24;0
01/11/2008;22:00;75;43;35;24;0
01/11/2008;23:00;75;43;35;24;0
01/12/2008;00:00;75;43;35;24;0
01/12/2008;01:00;75;43;35;24;0
01/12/2008;02:00;75;43;34;24;0
01/12/2008;03:00;75;43;34;24;0
01/12/2008;04:00;75;43;34;24;0
01/12/2008;05:00;75;43;34;24;0
01/12/2008;06:00;75;43;34;24;0
01/12/2008;07:00;75;43;34;24;0
01/12/2008;08:00;75;43;34;24;0
01/12/2008;09:00;75;43;34;24;0
01/12/2008;10:00;75;43;34;24;0
01/12/2008;11:00;75;43;34;24;0
01/12/2008;12:00;75;43;34;24;0
01/12/2008;13:00;75;43;34;24;0
01/12/2008;14:00;75;43;34;24;0
01/12/2008;15:00;75;43;34;24;0
01/12/2008;16:00;75;43;34;24;0
01/12/2008;17:00;75;43;34;24;0
01/12/2008;18:00;74;43;34;24;0
01/12/2008;19:00;74;43;34;24;0
01/12/2008;20:00;74;43;34;24;0
01/12/2008;21:00;74;43;34;24;0
01/12/2008;22:00;74;43;34;24;0
01/12/2008;23:00;74;43;34;24;0
01/01/2009;00:00;74;43;34;24;0
01/01/2009;01:00;74;43;34;24;0
01/01/2009;02:00;74;43;34;24;0
01/01/2009;03:00;74;43;34;24;0
01/01/2009;04:00;74;43;34;24;0
01/01/2009;05:00;74;43;34;24;0
01/01/2009;06:00;74;43;34;24;0
01/01/2009;07:00;74;43;34;24;0
01/01/2009;08:00;74;43;34;24;0
01/01/2009;09:00;74;42;34;24;0
01/01/2009;10:00;74;42;34;24;0
01/01/2009;11:00;74;42;34;24;0
01/01/2009;12:00;74;42;34;24;0
01/01/2009;13:00;74;42;34;24;0
01/01/2009;14:00;74;42;34;24;0
01/01/2009;15:00;74;42;34;24;0
01/01/2009;16:00;74;42;34;23;0
01/01/2009;17:00;74;42;34;23;0
01/01/2009;18:00;74;42;34;23;0
01/01/2009;19:00;74;42;34;23;0
01/01/2009;20:00;74;42;34;23;0
01/01/2009;21:00;74;42;34;23;0
01/01/2009;22:00;74;42;34;23;0
01/01/2009;23:00;74;42;34;23;0
01/02/2009;00:00;74;42;34;23;0
01/02/2009;01:00;74;42;34;23;0
01/02/2009;02:00;74;42;34;23;0
01/02/2009;03:00;74;42;34;23;0
01/02/2009;04:00;74;42;34;23;0
01/02/2009;05:00;73;42;34;23;0
01/02/2009;06:00;73;42;34;23;0
01/02/2009;07:00;73;42;34;23;0
01/02/2009;08:00;73;42;34;23;0
01/02/2009;09:00;73;42;33;23;0
01/02/2009;10:00;73;42;33;23;0
01/02/2009;11:00;73;42;33;23;0
01/02/2009;12:00;73;42;33;23;0
01/02/2009;13:00;73;42;33;23;0
01/02/2009;14:00;73;42;33;23;0
01/02/2009;15:00;73;42;33;23;0
01/02/2009;16:00;73;42;33;23;0
01/02/2009;17:00;73;42;33;23;0
01/02/2009;18:00;73;42;33;23;0
01/02/2009;19:00;73;42;33;23;0
01/02/2009;20:00;73;42;33;23;0
01/02/2009;21:00;73;42;33;23;0
01/02/2009;22:00;73;42;33;23;0
01/02/2009;23:00;73;42;33;23;0
01/03/2009;00:00;73;42;33;23;0
01/03/2009;01:00;73;42;33;23;0
01/03/2009;02:00;73;42;33;23;0
01/03/2009;03:00;73;42;33;23;0
01/03/2009;04:00;73;42;33;23;0
01/03/2009;05:00;73;42;33;23;0
01/03/2009;06:00;73;42;33;23;0
01/03/2009;07:00;73;42;33;23;0
01/03/2009;08:00;73;42;33;23;0
01/03/2009;09:00;73;42;33;23;0
01/03/2009;10:00;73;42;33;23;0
01/03/2009;11:00;73;42;33;23;0
01/03/2009;12:00;73;42;33;23;0
01/03/2009;13:00;73;42;33;23;0
01/03/2009;14:00;73;42;33;23;0
01/03/2009;15:00;73;42;33;23;0
01/03/2009;16:00;73;42;33;23;0
01/03/2009;17:00;73;42;33;23;0
01/03/2009;18:00;73;42;33;23;0
01/03/2009;19:00;73;42;33;23;0
01/03/2009;20:00;73;41;33;23;0
01/03/2009;21:00;73;41;33;23;0
01/03/2009;22:00;73;41;33;23;0
01/03/2009;23:00;73;41;33;23;0
01/04/2009;00:00;72;41;33;23;0
01/04/2009;01:00;72;41;33;23;0
01/04/2009;02:00;72;41;33;23;0
01/04/2009;03:00;72;41;33;23;0
01/04/2009;04:00;72;41;33;23;0
01/04/2009;05:00;72;41;33;23;0
01/04/2009;06:00;72;41;33;23;0
01/04/2009;07:00;72;41;33;23;0
01/04/2009;08:00;72;41;33;23;0
01/04/2009;09:00;72;41;33;23;0
01/04/2009;10:00;72;41;33;23;0
01/04/2009;11:00;72;41;33;23;0
01/04/2009;12:00;72;41;33;23;0
01/04/2009;13:00;72;41;33;23;0
01/04/2009;14:00;72;41;33;23;0
01/04/2009;15:00;72;41;33;23;0
01/04/2009;16:00;72;41;33;23;0
01/04/2009;17:00;72;41;33;22;0
01/04/2009;18:00;72;41;33;22;0
01/04/2009;19:00;72;41;33;22;0
01/04/2009;20:00;72;41;33;22;0
01/04/2009;21:00;72;41;33;22;0
01/04/2009;22:00;72;41;33;22;0
01/04/2009;23:00;72;41;33;22;0
01/05/2009;00:00;72;41;33;22;0
01/05/2009;01:00;72;41;32;22;0
01/05/2009;02:00;72;41;32;22;0
01/05/2009;03:00;72;41;32;22;0
01/05/2009;04:00;72;41;32;22;0
01/05/2009;05:00;72;41;32;22;0
01/05/2009;06:00;72;41;32;22;0
01/05/2009;07:00;72;41;32;22;0
01/05/2009;08:00;72;41;32;22;0
01/05/2009;09:00;72;41;32;22;0
01/05/2009;10:00;72;41;32;22;0
01/05/2009;11:00;72;41;32;22;0
01/05/2009;12:00;72;41;32;22;0
01/05/2009;13:00;72;40;32;22;0
01/05/2009;14:00;72;40;32;22;0
01/05/2009;15:00;72;40;32;22;0
01/05/2009;16:00;72;40;32;22;0
01/05/2009;17:00;72;40;32;22;0
01/05/2009;18:00;72;40;32;22;0
01/05/2009;19:00;71;40;32;22;0
01/05/2009;20:00;71;40;32;22;0
01/05/2009;21:00;71;40;32;22;0
01/05/2009;22:00;71;40;32;22;0
01/05/2009;23:00;71;40;32;22;0
01/06/2009;00:00;71;40;32;22;0
01/06/2009;01:00;71;40;32;22;0
01/06/2009;02:00;71;40;32;22;0
01/06/2009;03:00;71;40;32;22;0
01/06/2009;04:00;71;40;32;22;0
01/06/2009;05:00;71;40;32;22;0
01/06/2009;06:00;71;40;32;22;0
01/06/2009;07:00;71;40;32;22;0
01/06/2009;08:00;71;40;32;22;0
01/06/2009;09:00;71;40;32;22;0
01/06/2009;10:00;71;40;32;22;0
01/06/2009;11:00;71;40;32;22;0
01/06/2009;12:00;71;40;32;22;0
01/06/2009;13:00;71;40;32;22;0
01/06/2009;14:00;71;40;32;22;0
01/06/2009;15:00;71;40;32;22;0
01/06/2009;16:00;71;40;32;22;0
01/06/2009;17:00;71;40;32;22;0
01/06/2009;18:00;71;40;32;22;0
01/06/2009;19:00;71;40;32;22;0
01/06/2009;20:00;71;40;32;22;0
01/06/2009;21:00;71;40;32;22;0
01/06/2009;22:00;71;40;32;22;0
01/06/2009;23:00;71;40;32;22;0
01/07/2009;00:00;71;40;32;22;0
01/07/2009;01:00;71;40;32;22;0
01/07/2009;02:00;71;40;32;22;0
01/07/2009;03:00;71;40;32;22;0
01/07/2009;04:00;71;40;32;22;0
01/07/2009;05:00;71;40;32;22;0
01/07/2009;06:00;71;40;32;22;0
01/07/2009;07:00;71;40;32;22;0
01/07/2009;08:00;71;40;32;22;0
01/07/2009;09:00;71;40;32;22;0
01/07/2009;10:00;71;40;32;22;0
01/07/2009;11:00;71;40;32;22;0
01/07/2009;12:00;71;40;32;22;0
01/07/2009;13:00;71;40;32;22;0
01/07/2009;14:00;71;40;32;22;0
01/07/2009;15:00;71;40;32;22;0
01/07/2009;16:00;71;40;32;22;0
01/07/2009;17:00;71;39;32;22;0
01/07/2009;18:00;71;39;32;22;0
01/07/2009;19:00;71;39;32;21;0
01/07/2009;20:00;71;39;32;21;0
01/07/2009;21:00;71;39;32;21;0
01/07/2009;22:00;71;39;31;21;0
01/07/2009;23:00;71;39;31;21;0
01/08/2009;00:00;71;39;31;21;0
01/08/2009;01:00;71;39;31;21;0
01/08/2009;02:00;71;39;31;21;0
01/08/2009;03:00;71;39;31;21;0
01/08/2009;04:00;71;39;31;21;0
01/08/2009;05:00;71;39;31;21;0
01/08/2009;06:00;71;39;31;21;0
01/08/2009;07:00;71;39;31;21;0
01/08/2009;08:00;71;39;31;21;0
01/08/2009;09:00;70;39;31;21;0
01/08/2009;10:00;70;39;31;21;0
01/08/2009;11:00;70;39;31;21;0
01/08/2009;12:00;70;39;31;21;0
01/08/2009;13:00;70;39;31;21;0
01/08/2009;14:00;70;39;31;21;0
01/08/2009;15:00;70;39;31;21;0
01/08/2009;16:00;70;39;31;21;0
01/08/2009;17:00;70;39;31;21;0
01/08/2009;18:00;70;39;31;21;0
01/08/2009;19:00;70;39;31;21;0
01/08/2009;20:00;70;39;31;21;0
01/08/2009;21:00;70;39;31;21;0
01/08/2009;22:00;70;39;31;21;0
01/08/2009;23:00;70;39;31;21;0
01/09/2009;00:00;70;39;31;21;0
01/09/2009;01:00;70;39;31;21;0
01/09/2009;02:00;70;39;31;21;0
01/09/2009;03:00;70;39;31;21;0
01/09/2009;04:00;70;39;31;21;0
01/09/2009;05:00;70;39;31;21;0
01/09/2009;06:00;70;39;31;21;0
01/09/2009;07:00;70;39;31;21;0
01/09/2009;08:00;70;39;31;21;0
01/09/2009;09:00;70;39;31;21;0
01/09/2009;10:00;70;39;31;21;0
01/09/2009;11:00;70;39;31;21;0
01/09/2009;12:00;70;39;31;21;0
01/09/2009;13:00;70;39;31;21;0
01/09/2009;14:00;70;39;31;21;0
01/09/2009;15:00;70;38;31;21;0
01/09/2009;16:00;70;38;31;21;0
01/09/2009;17:00;70;38;31;21;0
01/09/2009;18:00;70;38;31;21;0
01/09/2009;19:00;70;38;31;21;0
01/09/2009;20:00;70;38;31;21;0
01/09/2009;21:00;70;38;31;21;0
01/09/2009;22:00;70;38;31;21;0
01/09/2009;23:00;70;38;31;21;0
01/10/2009;00:00;70;38;31;21;0
01/10/2009;01:00;70;38;31;21;0
01/10/2009;02:00;70;38;31;21;0
01/10/2009;03:00;70;38;31;21;0
01/10/2009;04:00;70;38;31;21;0
01/10/2009;05:00;70;38;31;21;0
01/10/2009;06:00;70;38;31;21;0
01/10/2009;07:00;70;38;31;21;0
01/10/2009;08:00;70;38;31;21;0
01/10/2009;09:00;70;38;31;21;0
01/10/2009;10:00;70;38;31;21;0
01/10/2009;11:00;70;38;31;21;0
01/10/2009;12:00;70;38;31;21;0
01/10/2009;13:00;70;38;31;21;0
01/10/2009;14:00;70;38;31;21;0
01/10/2009;15:00;70;38;31;21;0
01/10/2009;16:00;70;38;31;21;0
01/10/2009;17:00;69;38;31;21;0
01/10/2009;18:00;69;38;31;21;0
01/10/2009;19:00;69;38;31;21;0
01/10/2009;20:00;69;38;30;21;0
01/10/2009;21:00;69;38;30;21;0
01/10/2009;22:00;69;38;30;21;0
01/10/2009;23:00;69;38;30;21;0
01/11/2009;00:00;69;38;30;21;0
01/11/2009;01:00;69;38;30;21;0
01/11/2009;02:00;69;38;30;21;0
01/11/2009;03:00;69;38;30;21;0
01/11/2009;04:00;69;38;30;21;0
01/11/2009;05:00;69;38;30;21;0
01/11/2009;06:00;69;38;30;21;0
01/11/2009;07:00;69;38;30;21;0
01/11/2009;08:00;69;38;30;21;0
01/11/2009;09:00;69;38;30;20;0
01/11/2009;10:00;69;38;30;20;0
01/11/2009;11:00;69;38;30;20;0
01/11/2009;12:00;69;38;30;20;0
01/11/2009;13:00;69;38;30;20;0
01/11/2009;14:00;69;38;30;20;0
01/11/2009;15:00;69;38;30;20;0
01/11/2009;16:00;69;38;30;20;0
01/11/2009;17:00;69;38;30;20;0
01/11/2009;18:00;69;38;30;20;0
01/11/2009;19:00;69;38;30;20;0
01/11/2009;20:00;69;38;30;20;0
01/11/2009;21:00;69;38;30;20;0
01/11/2009;22:00;69;37;30;20;0
01/11/2009;23:00;69;37;30;20;0
01/12/2009;00:00;69;37;30;20;0
01/12/2009;01:00;69;37;30;20;0
01/12/2009;02:00;69;37;30;20;0
01/12/2009;03:00;69;37;30;20;0
01/12/2009;04:00;69;37;30;20;0
01/12/2009;05:00;69;37;30;20;0
01/12/2009;06:00;69;37;30;20;0
01/12/2009;07:00;69;37;30;20;0
01/12/2009;08:00;69;37;30;20;0
01/12/2009;09:00;69;37;30;20;0
01/12/2009;10:00;69;37;30;20;0
01/12/2009;11:00;69;37;30;20;0
01/12/2009;12:00;69;37;30;20;0
01/12/2009;13:00;69;37;30;20;0
01/12/2009;14:00;69;37;30;20;0
01/12/2009;15:00;69;37;30;20;0
01/12/2009;16:00;69;37;30;20;0
01/12/2009;17:00;69;37;30;20;0
01/12/2009;18:00;69;37;30;20;0
01/12/2009;19:00;69;37;30;20;0
01/12/2009;20:00;68;37;30;20;0
01/12/2009;21:00;68;37;30;20;0
01/12/2009;22:00;68;37;30;20;0
01/12/2009;23:00;68;37;30;20;0
01/01/2010;00:00;68;37;30;20;0
01/01/2010;01:00;68;37;30;20;0
01/01/2010;02:00;68;37;30;20;0
01/01/2010;03:00;68;37;30;20;0
01/01/2010;04:00;68;37;30;20;0
01/01/2010;05:00;68;37;30;20;0
01/01/2010;06:00;68;37;30;20;0
01/01/2010;07:00;68;37;30;20;0
01/01/2010;08:00;68;37;30;20;0
01/01/2010;09:00;68;37;30;20;0
01/01/2010;10:00;68;37;30;20;0
01/01/2010;11:00;68;37;30;20;0
01/01/2010;12:00;68;37;30;20;0
01/01/2010;13:00;68;37;30;20;0
01/01/2010;14:00;68;37;30;20;0
01/01/2010;15:00;68;37;30;20;0
01/01/2010;16:00;68;37;30;20;0
01/01/2010;17:00;68;37;30;20;0
01/01/2010;18:00;68;37;30;20;0
01/01/2010;19:00;68;37;30;20;0
01/01/2010;20:00;68;37;30;20;0
01/01/2010;21:00;68;37;30;20;0
01/01/2010;22:00;68;36;30;20;0
01/01/2010;23:00;68;36;30;20;0
01/02/2010;00:00;68;36;30;20;0
01/02/2010;01:00;68;36;30;20;0
01/02/2010;02:00;68;36;30;20;0
01/02/2010;03:00;68;36;30;20;0
01/02/2010;04:00;68;36;30;20;0
01/02/2010;05:00;68;36;30;20;0
01/02/2010;06:00;68;36;30;20;0
01/02/2010;07:00;68;36;30;20;0
01/02/2010;08:00;68;36;30;20;0
01/02/2010;09:00;68;36;30;20;0
01/02/2010;10:00;68;36;30;20;0
01/02/2010;11:00;68;36;30;20;0
01/02/2010;12:00;68;36;30;20;0
01/02/2010;13:00;68;36;30;20;0
01/02/2010;14:00;68;36;30;20;0
01/02/2010;15:00;68;36;30;20;0
01/02/2010;16:00;68;36;30;20;0
01/02/2010;17:00;68;36;30;20;0
01/02/2010;18:00;68;36;30;20;0
01/02/2010;19:00;68;36;30;20;0
01/02/2010;20:00;68;36;30;20;0
01/02/2010;21:00;68;36;30;20;0
01/02/2010;22:00;68;36;30;20;0
01/02/2010;23:00;67;36;30;20;0
01/03/2010;00:00;67;36;30;20;0
01/03/2010;01:00;67;36;30;20;0
01/03/2010;02:00;67;36;30;20;0
01/03/2010;03:00;67;36;30;20;0
01/03/2010;04:00;67;36;30;20;0
01/03/2010;05:00;67;36;29;20;0
01/03/2010;06:00;67;36;29;19;0
01/03/2010;07:00;67;36;29;19;0
01/03/2010;08:00;67;36;29;19;0
01/03/2010;09:00;67;36;29;19;0
01/03/2010;10:00;67;36;29;19;0
01/03/2010;11:00;67;36;29;19;0
01/03/2010;12:00;67;36;29;19;0
01/03/2010;13:00;67;36;29;19;0
01/03/2010;14:00;67;36;29;19;0
01/03/2010;15:00;67;36;29;19;0
01/03/2010;16:00;67;36;29;19;0
01/03/2010;17:00;67;36;29;19;0
01/03/2010;18:00;67;36;29;19;0
01/03/2010;19:00;67;36;29;19;0
01/03/2010;20:00;67;36;29;19;0
01/03/2010;21:00;67;36;29;19;0
01/03/2010;22:00;67;36;29;19;0
01/03/2010;23:00;67;36;29;19;0
01/04/2010;00:00;67;36;29;19;0
01/04/2010;01:00;67;36;29;19;0
01/04/2010;02:00;67;36;29;19;0
01/04/2010;03:00;67;36;29;19;0
01/04/2010;04:00;67;36;29;19;0
01/04/2010;05:00;67;36;29;19;0
01/04/2010;06:00;67;36;29;19;0
01/04/2010;07:00;67;36;29;19;0
01/04/2010;08:00;67;36;29;19;0
01/04/2010;09:00;67;36;29;19;0
01/04/2010;10:00;67;35;29;19;0
01/04/2010;11:00;67;35;29;19;0
01/04/2010;12:00;67;35;29;19;0
01/04/2010;13:00;67;35;29;19;0
01/04/2010;14:00;67;35;29;19;0
01/04/2010;15:00;67;35;29;19;0
01/04/2010;16:00;67;35;29;19;0
01/04/2010;17:00;67;35;29;19;0
01/04/2010;18:00;67;35;29;19;0
01/04/2010;19:00;67;35;29;19;0
01/04/2010;20:00;67;35;29;19;0
01/04/2010;21:00;67;35;29;19;0
01/04/2010;22:00;67;35;29;19;0
01/04/2010;23:00;67;35;29;19;0
01/05/2010;00:00;67;35;29;19;0
01/05/2010;01:00;67;35;29;19;0
01/05/2010;02:00;67;35;29;19;0
01/05/2010;03:00;67;35;29;19;0
01/05/2010;04:00;67;35;29;19;0
01/05/2010;05:00;67;35;29;19;0
01/05/2010;06:00;67;35;29;19;0
01/05/2010;07:00;67;35;29;19;0
01/05/2010;08:00;67;35;29;19;0
01/05/2010;09:00;67;35;29;19;0
01/05/2010;10:00;67;35;29;19;0
01/05/2010;11:00;67;35;29;19;0
01/05/2010;12:00;67;35;29;19;0
01/05/2010;13:00;67;35;29;19;0
01/05/2010;14:00;67;35;29;19;0
01/05/2010;15:00;67;35;29;19;0
01/05/2010;16:00;67;35;29;19;0
01/05/2010;17:00;67;35;29;19;0
01/05/2010;18:00;67;35;29;19;0
01/05/2010;19:00;67;35;29;19;0
01/05/2010;20:00;67;35;29;19;0
01/05/2010;21:00;67;35;29;19;0
01/05/2010;22:00;67;35;29;19;0
01/05/2010;23:00;66;35;29;19;0
01/06/2010;00:00;66;35;29;19;0
01/06/2010;01:00;66;35;29;19;0
01/06/2010;02:00;66;35;29;19;0
01/06/2010;03:00;66;35;29;19;0
01/06/2010;04:00;66;35;29;19;0
01/06/2010;05:00;66;35;29;19;0
01/06/2010;06:00;66;35;29;19;0
01/06/2010;07:00;66;35;29;19;0
01/06/2010;08:00;66;35;29;19;0
01/06/2010;09:00;66;35;29;19;0
01/06/2010;10:00;66;35;29;19;0
01/06/2010;11:00;66;35;29;19;0
01/06/2010;12:00;66;35;29;19;0
01/06/2010;13:00;66;35;29;19;0
01/06/2010;14:00;66;35;29;19;0
01/06/2010;15:00;66;35;29;19;0
01/06/2010;16:00;66;35;29;19;0
01/06/2010;17:00;66;35;29;19;0
01/06/2010;18:00;66;35;29;19;0
01/06/2010;19:00;66;35;29;19;0
01/06/2010;20:00;66;35;29;19;0
01/06/2010;21:00;66;35;29;19;0
01/06/2010;22:00;66;35;29;19;0
01/06/2010;23:00;66;35;29;19;0
01/07/2010;00:00;66;35;29;19;0
01/07/2010;01:00;66;35;29;19;0
01/07/2010;02:00;66;35;29;19;0
01/07/2010;03:00;66;35;29;19;0
01/07/2010;04:00;66;35;29;19;0
01/07/2010;05:00;66;35;29;19;0
01/07/2010;06:00;66;35;29;19;0
01/07/2010;07:00;66;35;29;19;0
01/07/2010;08:00;66;35;29;19;0
01/07/2010;09:00;66;35;29;19;0
01/07/2010;10:00;66;35;29;19;0
01/07/2010;11:00;66;35;29;19;0
01/07/2010;12:00;66;35;29;19;0
01/07/2010;13:00;66;35;29;19;0
01/07/2010;14:00;66;35;29;19;0
01/07/2010;15:00;66;35;29;19;0
01/07/2010;16:00;66;35;29;19;0
01/07/2010;17:00;66;35;29;19;0
01/07/2010;18:00;66;35;29;19;0
01/07/2010;19:00;66;34;29;19;0
01/07/2010;20:00;66;34;29;19;0
01/07/2010;21:00;66;34;29;19;0
01/07/2010;22:00;66;34;29;19;0
01/07/2010;23:00;66;34;29;19;0
01/08/2010;00:00;66;34;29;19;0
01/08/2010;01:00;66;34;29;18;0
01/08/2010;02:00;66;34;29;18;0
01/08/2010;03:00;66;34;29;18;0
01/08/2010;04:00;66;34;29;18;0
01/08/2010;05:00;66;34;29;18;0
01/08/2010;06:00;66;34;29;18;0
01/08/2010;07:00;66;34;29;18;0
01/08/2010;08:00;66;34;29;18;0
01/08/2010;09:00;66;34;29;18;0
01/08/2010;10:00;66;34;29;18;0
01/08/2010;11:00;66;34;29;18;0
01/08/2010;12:00;66;34;29;18;0
01/08/2010;13:00;66;34;29;18;0
01/08/2010;14:00;66;34;29;18;0
01/08/2010;15:00;66;34;29;18;0
01/08/2010;16:00;65;34;29;18;0
01/08/2010;17:00;65;34;29;18;0
01/08/2010;18:00;65;34;29;18;0
01/08/2010;19:00;65;34;29;18;0
01/08/2010;20:00;65;34;29;18;0
01/08/2010;21:00;65;34;29;18;0
01/08/2010;22:00;65;34;29;18;0
01/08/2010;23:00;65;34;29;18;0
01/09/2010;00:00;65;34;29;18;0
01/09/2010;01:00;65;34;28;18;0
01/09/2010;02:00;65;34;28;18;0
01/09/2010;03:00;65;34;28;18;0
01/09/2010;04:00;65;34;28;18;0
01/09/2010;05:00;65;34;28;18;0
01/09/2010;06:00;65;34;28;18;0
01/09/2010;07:00;65;34;28;18;0
01/09/2010;08:00;65;34;28;18;0
01/09/2010;09:00;65;34;28;18;0
01/09/2010;10:00;65;34;28;18;0
01/09/2010;11:00;65;34;28;18;0
01/09/2010;12:00;65;34;28;18;0
01/09/2010;13:00;65;34;28;18;0
01/09/2010;14:00;65;34;28;18;0
01/09/2010;15:00;65;34;28;18;0
01/09/2010;16:00;65;34;28;18;0
01/09/2010;17:00;65;34;28;18;0
01/09/2010;18:00;65;34;28;18;0
01/09/2010;19:00;65;34;28;18;0
01/09/2010;20:00;65;34;28;18;0
01/09/2010;21:00;65;34;28;18;0
01/09/2010;22:00;65;34;28;18;0
01/09/2010;23:00;65;34;28;18;0
01/10/2010;00:00;65;34;28;18;0
01/10/2010;01:00;65;34;28;18;0
01/10/2010;02:00;65;34;28;18;0
01/10/2010;03:00;65;34;28;18;0
01/10/2010;04:00;65;34;28;18;0
01/10/2010;05:00;65;34;28;18;0
01/10/2010;06:00;65;34;28;18;0
01/10/2010;07:00;65;34;28;18;0
01/10/2010;08:00;65;34;28;18;0
01/10/2010;09:00;65;34;28;18;0
01/10/2010;10:00;65;34;28;18;0
01/10/2010;11:00;65;34;28;18;0
01/10/2010;12:00;65;34;28;18;0
01/10/2010;13:00;65;34;28;18;0
01/10/2010;14:00;65;34;28;18;0
01/10/2010;15:00;65;34;28;18;0
01/10/2010;16:00;65;34;28;18;0
01/10/2010;17:00;65;34;28;18;0
01/10/2010;18:00;65;34;28;18;0
01/10/2010;19:00;65;34;28;18;0
01/10/2010;20:00;65;34;28;18;0
01/10/2010;21:00;65;34;28;18;0
01/10/2010;22:00;65;34;28;18;0
01/10/2010;23:00;65;34;28;18;0
01/11/2010;00:00;65;34;28;18;0
01/11/2010;01:00;65;34;28;18;0
01/11/2010;02:00;65;33;28;18;0
01/11/2010;03:00;65;33;28;18;0
01/11/2010;04:00;65;33;28;18;0
01/11/2010;05:00;65;33;28;18;0
01/11/2010;06:00;65;33;28;18;0
01/11/2010;07:00;65;33;28;18;0
01/11/2010;08:00;65;33;28;18;0
01/11/2010;09:00;65;33;28;18;0
01/11/2010;10:00;65;33;28;18;0
01/11/2010;11:00;65;33;28;18;0
01/11/2010;12:00;65;33;28;18;0
01/11/2010;13:00;65;33;28;18;0
01/11/2010;14:00;64;33;28;18;0
01/11/2010;15:00;64;33;28;18;0
01/11/2010;16:00;64;33;28;18;0
01/11/2010;17:00;64;33;28;18;0
01/11/2010;18:00;64;33;28;18;0
01/11/2010;19:00;64;33;28;18;0
01/11/2010;20:00;64;33;28;18;0
01/11/2010;21:00;64;33;28;18;0
01/11/2010;22:00;64;33;28;18;0
01/11/2010;23:00;64;33;28;18;0
01/12/2010;00:00;64;33;28;18;0
01/12/2010;01:00;64;33;28;18;0
01/12/2010;02:00;64;33;28;18;0
01/12/2010;03:00;64;33;28;18;0
01/12/2010;04:00;64;33;28;18;0
01/12/2010;05:00;64;33;28;18;0
01/12/2010;06:00;64;33;28;18;0
01/12/2010;07:00;64;33;28;18;0
01/12/2010;08:00;64;33;28;18;0
01/12/2010;09:00;64;33;28;18;0
01/12/2010;10:00;64;33;28;18;0
01/12/2010;11:00;64;33;28;18;0
01/12/2010;12:00;64;33;28;18;0
01/12/2010;13:00;64;33;28;18;0
01/12/2010;14:00;64;33;28;18;0
01/12/2010;15:00;64;33;28;18;0
01/12/2010;16:00;64;33;28;18;0
01/12/2010;17:00;64;33;28;18;0
01/12/2010;18:00;64;33;28;18;0
01/12/2010;19:00;64;33;28;18;0
01/12/2010;20:00;64;33;28;18;0
01/12/2010;21:00;64;33;28;18;0
01/12/2010;22:00;64;33;28;18;0
01/12/2010;23:00;64;33;28;18;0
01/01/2011;00:00;64;33;28;18;0
01/01/2011;01:00;64;33;28;18;0
01/01/2011;02:00;64;33;28;18;0
01/01/2011;03:00;64;33;28;18;0
01/01/2011;04:00;64;33;28;18;0
01/01/2011;05:00;64;33;28;18;0
01/01/2011;06:00;64;33;28;18;0
01/01/2011;07:00;64;33;28;18;0
01/01/2011;08:00;64;33;28;18;0
01/01/2011;09:00;64;33;28;18;0
01/01/2011;10:00;64;33;28;18;0
01/01/2011;11:00;64;33;28;18;0
01/01/2011;12:00;64;33;28;18;0
01/01/2011;13:00;64;33;28;18;0
01/01/2011;14:00;64;33;28;18;0
01/01/2011;15:00;64;33;28;18;0
01/01/2011;16:00;64;33;28;18;0
01/01/2011;17:00;64;33;28;18;0
01/01/2011;18:00;64;33;28;18;0
01/01/2011;19:00;64;33;28;18;0
01/01/2011;20:00;64;33;28;17;0
01/01/2011;21:00;64;33;28;17;0
01/01/2011;22:00;64;33;28;17;0
01/01/2011;23:00;64;33;28;17;0
01/02/2011;00:00;64;33;28;17;0
01/02/2011;01:00;64;33;28;17;0
01/02/2011;02:00;64;33;28;17;0
01/02/2011;03:00;64;33;28;17;0
01/02/2011;04:00;64;33;28;17;0
01/02/2011;05:00;64;33;28;17;0
01/02/2011;06:00;64;33;28;17;0
01/02/2011;07:00;64;33;28;17;0
01/02/2011;08:00;64;33;28;17;0
01/02/2011;09:00;64;33;28;17;0
01/02/2011;10:00;64;33;28;17;0
01/02/2011;11:00;63;33;28;17;0
01/02/2011;12:00;63;33;28;17;0
01/02/2011;13:00;63;33;28;17;0
01/02/2011;14:00;63;33;28;17;0
01/02/2011;15:00;63;33;28;17;0
01/02/2011;16:00;63;33;28;17;0
01/02/2011;17:00;63;33;28;17;0
01/02/2011;18:00;63;33;28;17;0
01/02/2011;19:00;63;33;28;17;0
01/02/2011;20:00;63;33;28;17;0
01/02/2011;21:00;63;33;28;17;0
01/02/2011;22:00;63;33;28;17;0
01/02/2011;23:00;63;33;27;17;0
01/03/2011;00:00;63;33;27;17;0
01/03/2011;01:00;63;33;27;17;0
01/03/2011;02:00;63;33;27;17;0
01/03/2011;03:00;63;33;27;17;0
01/03/2011;04:00;63;32;27;17;0
01/03/2011;05:00;63;32;27;17;0
01/03/2011;06:00;63;32;27;17;0
01/03/2011;07:00;63;32;27;17;0
01/03/2011;08:00;63;32;27;17;0
01/03/2011;09:00;63;32;27;17;0
01/03/2011;10:00;63;32;27;17;0
01/03/2011;11:00;63;32;27;17;0
01/03/2011;12:00;63;32;27;17;0
01/03/2011;13:00;63;32;27;17;0
01/03/2011;14:00;63;32;27;17;0
01/03/2011;15:00;63;32;27;17;0
01/03/2011;16:00;63;32;27;17;0
01/03/2011;17:00;63;32;27;17;0
01/03/2011;18:00;63;32;27;17;0
01/03/2011;19:00;63;32;27;17;0
01/03/2011;20:00;63;32;27;17;0
01/03/2011;21:00;63;32;27;17;0
01/03/2011;22:00;63;32;27;17;0
01/03/2011;23:00;63;32;27;17;0
01/04/2011;00:00;63;32;27;17;0
01/04/2011;01:00;63;32;27;17;0
01/04/2011;02:00;63;32;27;17;0
01/04/2011;03:00;63;32;27;17;0
01/04/2011;04:00;63;32;27;17;0
01/04/2011;05:00;63;32;27;17;0
01/04/2011;06:00;63;32;27;17;0
01/04/2011;07:00;63;32;27;17;0
01/04/2011;08:00;63;32;27;17;0
01/04/2011;09:00;63;32;27;17;0
01/04/2011;10:00;63;32;27;17;0
01/04/2011;11:00;63;32;27;17;0
01/04/2011;12:00;63;32;27;17;0
01/04/2011;13:00;63;32;27;17;0
01/04/2011;14:00;63;32;27;17;0
01/04/2011;15:00;63;32;27;17;0
01/04/2011;16:00;63;32;27;17;0
01/04/2011;17:00;63;32;27;17;0
01/04/2011;18:00;63;32;27;17;0
01/04/2011;19:00;63;32;27;17;0
01/04/2011;20:00;63;32;27;17;0
01/04/2011;21:00;63;32;27;17;0
01/04/2011;22:00;63;32;27;17;0
01/04/2011;23:00;63;32;27;17;0
01/05/2011;00:00;63;32;27;17;0
01/05/2011;01:00;63;32;27;17;0
01/05/2011;02:00;63;32;27;17;0
01/05/2011;03:00;63;32;27;17;0
01/05/2011;04:00;63;32;27;17;0
01/05/2011;05:00;63;32;27;17;0
01/05/2011;06:00;63;32;27;17;0
01/05/2011;07:00;63;32;27;17;0
01/05/2011;08:00;63;32;27;17;0
01/05/2011;09:00;63;32;27;17;0
01/05/2011;10:00;63;32;27;17;0
01/05/2011;11:00;63;32;27;17;0
01/05/2011;12:00;63;32;27;17;0
01/05/2011;13:00;62;32;27;17;0
01/05/2011;14:00;62;32;27;17;0
01/05/2011;15:00;62;32;27;17;0
01/05/2011;16:00;62;32;27;17;0
01/05/2011;17:00;62;32;27;17;0
01/05/2011;18:00;62;32;27;17;0
01/05/2011;19:00;62;32;27;17;0
01/05/2011;20:00;62;32;27;17;0
01/05/2011;21:00;62;32;27;17;0
01/05/2011;22:00;62;32;27;17;0
01/05/2011;23:00;62;32;27;17;0
01/06/2011;00:00;62;32;27;17;0
01/06/2011;01:00;62;32;27;17;0
01/06/2011;02:00;62;32;27;17;0
01/06/2011;03:00;62;32;27;17;0
01/06/2011;04:00;62;32;27;17;0
01/06/2011;05:00;62;32;27;17;0
01/06/2011;06:00;62;32;27;17;0
01/06/2011;07:00;62;32;27;17;0
01/06/2011;08:00;62;32;27;17;0
01/06/2011;09:00;62;32;27;17;0
01/06/2011;10:00;62;32;27;17;0
01/06/2011;11:00;62;32;27;17;0
01/06/2011;12:00;62;32;27;17;0
01/06/2011;13:00;62;32;27;17;0
01/06/2011;14:00;62;32;27;17;0
01/06/2011;15:00;62;32;27;17;0
01/06/2011;16:00;62;32;27;17;0
01/06/2011;17:00;62;32;27;17;0
01/06/2011;18:00;62;32;27;17;0
01/06/2011;19:00;62;32;27;17;0
01/06/2011;20:00;62;32;27;17;0
01/06/2011;21:00;62;32;27;17;0
01/06/2011;22:00;62;32;27;17;0
01/06/2011;23:00;62;31;27;17;0
01/07/2011;00:00;62;31;27;17;0
01/07/2011;01:00;62;31;27;17;0
01/07/2011;02:00;62;31;27;17;0
01/07/2011;03:00;62;31;27;17;0
01/07/2011;04:00;62;31;27;17;0
01/07/2011;05:00;62;31;27;17;0
01/07/2011;06:00;62;31;27;17;0
01/07/2011;07:00;62;31;27;17;0
01/07/2011;08:00;62;31;27;17;0
01/07/2011;09:00;62;31;27;17;0
01/07/2011;10:00;62;31;27;17;0
01/07/2011;11:00;62;31;27;17;0
01/07/2011;12:00;62;31;27;17;0
01/07/2011;13:00;62;31;27;17;0
01/07/2011;14:00;62;31;27;17;0
01/07/2011;15:00;62;31;27;17;0
01/07/2011;16:00;62;31;27;17;0
01/07/2011;17:00;62;31;27;17;0
01/07/2011;18:00;62;31;27;17;0
01/07/2011;19:00;62;31;27;17;0
01/07/2011;20:00;62;31;27;17;0
01/07/2011;21:00;62;31;27;17;0
01/07/2011;22:00;62;31;27;17;0
01/07/2011;23:00;62;31;27;17;0
01/08/2011;00:00;62;31;27;17;0
01/08/2011;01:00;62;31;27;17;0
01/08/2011;02:00;62;31;27;17;0
01/08/2011;03:00;62;31;27;17;0
01/08/2011;04:00;62;31;27;17;0
01/08/2011;05:00;62;31;27;17;0
01/08/2011;06:00;62;31;27;17;0
01/08/2011;07:00;62;31;27;17;0
01/08/2011;08:00;62;31;27;17;0
01/08/2011;09:00;62;31;27;17;0
01/08/2011;10:00;62;31;27;17;0
01/08/2011;11:00;62;31;27;17;0
01/08/2011;12:00;62;31;27;17;0
01/08/2011;13:00;62;31;27;17;0
01/08/2011;14:00;62;31;27;17;0
01/08/2011;15:00;62;31;27;17;0
01/08/2011;16:00;61;31;27;17;0
01/08/2011;17:00;61;31;27;17;0
01/08/2011;18:00;61;31;27;17;0
01/08/2011;19:00;61;31;27;17;0
01/08/2011;20:00;61;31;27;17;0
01/08/2011;21:00;61;31;27;17;0
01/08/2011;22:00;61;31;27;17;0
01/08/2011;23:00;61;31;27;17;0
01/09/2011;00:00;61;31;27;17;0
01/09/2011;01:00;61;31;27;17;0
01/09/2011;02:00;61;31;27;17;0
01/09/2011;03:00;61;31;27;17;0
01/09/2011;04:00;61;31;27;17;0
01/09/2011;05:00;61;31;27;17;0
01/09/2011;06:00;61;31;27;17;0
01/09/2011;07:00;61;31;27;17;0
01/09/2011;08:00;61;31;27;17;0
01/09/2011;09:00;61;31;27;17;0
01/09/2011;10:00;61;31;27;17;0
01/09/2011;11:00;61;31;27;17;0
01/09/2011;12:00;61;31;27;17;0
01/09/2011;13:00;61;31;27;17;0
01/09/2011;14:00;61;31;27;17;0
01/09/2011;15:00;61;31;27;17;0
01/09/2011;16:00;61;31;27;17;0
01/09/2011;17:00;61;31;27;17;0
01/09/2011;18:00;61;31;27;17;0
01/09/2011;19:00;61;31;27;17;0
01/09/2011;20:00;61;31;27;17;0
01/09/2011;21:00;61;31;27;17;0
01/09/2011;22:00;61;31;27;17;0
01/09/2011;23:00;61;31;27;17;0
01/10/2011;00:00;61;31;27;17;0
01/10/2011;01:00;61;31;27;17;0
01/10/2011;02:00;61;31;27;17;0
01/10/2011;03:00;61;31;27;16;0
01/10/2011;04:00;61;31;27;16;0
01/10/2011;05:00;61;31;27;16;0
01/10/2011;06:00;61;31;27;16;0
01/10/2011;07:00;61;31;27;16;0
01/10/2011;08:00;61;31;27;16;0
01/10/2011;09:00;61;31;27;16;0
01/10/2011;10:00;61;31;27;16;0
01/10/2011;11:00;61;31;27;16;0
01/10/2011;12:00;61;31;27;16;0
01/10/2011;13:00;61;31;27;16;0
01/10/2011;14:00;61;31;27;16;0
01/10/2011;15:00;61;31;27;16;0
01/10/2011;16:00;61;31;27;16;0
01/10/2011;17:00;61;31;27;16;0
01/10/2011;18:00;61;31;27;16;0
01/10/2011;19:00;61;31;27;16;0
01/10/2011;20:00;61;30;27;16;0
01/10/2011;21:00;61;30;27;16;0
01/10/2011;22:00;61;30;27;16;0
01/10/2011;23:00;61;30;27;16;0
01/11/2011;00:00;61;30;27;16;0
01/11/2011;01:00;61;30;27;16;0
01/11/2011;02:00;61;30;27;16;0
01/11/2011;03:00;61;30;27;16;0
01/11/2011;04:00;61;30;26;16;0
01/11/2011;05:00;61;30;26;16;0
01/11/2011;06:00;61;30;26;16;0
01/11/2011;07:00;61;30;26;16;0
01/11/2011;08:00;61;30;26;16;0
01/11/2011;09:00;61;30;26;16;0
01/11/2011;10:00;61;30;26;16;0
01/11/2011;11:00;61;30;26;16;0
01/11/2011;12:00;61;30;26;16;0
01/11/2011;13:00;61;30;26;16;0
01/11/2011;14:00;61;30;26;16;0
01/11/2011;15:00;61;30;26;16;0
01/11/2011;16:00;61;30;26;16;0
01/11/2011;17:00;61;30;26;16;0
01/11/2011;18:00;61;30;26;16;0
01/11/2011;19:00;61;30;26;16;0
01/11/2011;20:00;61;30;26;16;0
01/11/2011;21:00;61;30;26;16;0
01/11/2011;22:00;61;30;26;16;0
01/11/2011;23:00;61;30;26;16;0
01/12/2011;00:00;61;30;26;16;0
01/12/2011;01:00;61;30;26;16;0
01/12/2011;02:00;61;30;26;16;0
01/12/2011;03:00;61;30;26;16;0
01/12/2011;04:00;61;30;26;16;0
01/12/2011;05:00;61;30;26;16;0
01/12/2011;06:00;61;30;26;16;0
01/12/2011;07:00;61;30;26;16;0
01/12/2011;08:00;61;30;26;16;0
01/12/2011;09:00;61;30;26;16;0
01/12/2011;10:00;61;30;26;16;0
01/12/2011;11:00;61;30;26;16;0
01/12/2011;12:00;61;30;26;16;0
01/12/2011;13:00;60;30;26;16;0
01/12/2011;14:00;60;30;26;16;0
01/12/2011;15:00;60;30;26;16;0
01/12/2011;16:00;60;30;26;16;0
01/12/2011;17:00;60;30;26;16;0
01/12/2011;18:00;60;30;26;16;0
01/12/2011;19:00;60;30;26;16;0
01/12/2011;20:00;60;30;26;16;0
01/12/2011;21:00;60;30;26;16;0
01/12/2011;22:00;60;30;26;16;0
01/12/2011;23:00;60;30;26;16;0
01/01/2012;00:00;60;30;26;16;0
01/01/2012;01:00;60;30;26;16;0
01/01/2012;02:00;60;30;26;16;0
01/01/2012;03:00;60;30;26;16;0
01/01/2012;04:00;60;30;26;16;0
01/01/2012;05:00;60;30;26;16;0
01/01/2012;06:00;60;30;26;16;0
01/01/2012;07:00;60;30;26;16;0
01/01/2012;08:00;60;30;26;16;0
01/01/2012;09:00;60;30;26;16;0
01/01/2012;10:00;60;30;26;16;0
01/01/2012;11:00;60;30;26;16;0
01/01/2012;12:00;60;30;26;16;0
01/01/2012;13:00;60;30;26;16;0
01/01/2012;14:00;60;30;26;16;0
01/01/2012;15:00;60;30;26;16;0
01/01/2012;16:00;60;30;26;16;0
01/01/2012;17:00;60;30;26;16;0
01/01/2012;18:00;60;30;26;16;0
01/01/2012;19:00;60;30;26;16;0
01/01/2012;20:00;60;30;26;16;0
01/01/2012;21:00;60;30;26;16;0
01/01/2012;22:00;60;30;26;16;0
01/01/2012;23:00;60;30;26;16;0
01/02/2012;00:00;60;30;26;16;0
01/02/2012;01:00;60;30;26;16;0
01/02/2012;02:00;60;30;26;16;0
01/02/2012;03:00;60;30;26;16;0
01/02/2012;04:00;60;30;26;16;0
01/02/2012;05:00;60;30;26;16;0
01/02/2012;06:00;60;30;26;16;0
01/02/2012;07:00;60;30;26;16;0
01/02/2012;08:00;60;30;26;16;0
01/02/2012;09:00;60;30;26;16;0
01/02/2012;10:00;60;30;26;16;0
01/02/2012;11:00;60;30;26;16;0
01/02/2012;12:00;60;30;26;16;0
01/02/2012;13:00;60;30;26;16;0
01/02/2012;14:00;60;30;26;16;0
01/02/2012;15:00;60;30;26;16;0
01/02/2012;16:00;60;30;26;16;0
01/02/2012;17:00;60;30;26;16;0
01/02/2012;18:00;60;30;26;16;0
01/02/2012;19:00;60;30;26;16;0
01/02/2012;20:00;60;30;26;16;0
01/02/2012;21:00;60;30;26;16;0
01/02/2012;22:00;60;30;26;16;0
01/02/2012;23:00;60;30;26;16;0
01/03/2012;00:00;60;30;26;16;0
01/03/2012;01:00;60;30;26;16;0
01/03/2012;02:00;60;30;26;16;0
01/03/2012;03:00;60;30;26;16;0
01/03/2012;04:00;60;30;26;16;0
01/03/2012;05:00;60;29;26;16;0
01/03/2012;06:00;60;29;26;16;0
01/03/2012;07:00;60;29;26;16;0
01/03/2012;08:00;60;29;26;16;0
01/03/2012;09:00;60;29;26;16;0
01/03/2012;10:00;60;29;26;16;0
01/03/2012;11:00;60;29;26;16;0
01/03/2012;12:00;60;29;26;16;0
01/03/2012;13:00;60;29;26;16;0
01/03/2012;14:00;60;29;26;16;0
01/03/2012;15:00;60;29;26;16;0
01/03/2012;16:00;60;29;26;16;0
01/03/2012;17:00;60;29;26;16;0
01/03/2012;18:00;60;29;26;16;0
01/03/2012;19:00;60;29;26;16;0
01/03/2012;20:00;60;29;26;16;0
01/03/2012;21:00;60;29;26;16;0
01/03/2012;22:00;60;29;26;16;0
01/03/2012;23:00;60;29;26;16;0
01/04/2012;00:00;60;29;26;16;0
01/04/2012;01:00;60;29;26;16;0
01/04/2012;02:00;60;29;26;16;0
01/04/2012;03:00;60;29;26;16;0
01/04/2012;04:00;60;29;26;16;0
01/04/2012;05:00;60;29;26;16;0
01/04/2012;06:00;60;29;26;16;0
01/04/2012;07:00;60;29;26;16;0
01/04/2012;08:00;60;29;26;16;0
01/04/2012;09:00;59;29;26;16;0
01/04/2012;10:00;59;29;26;16;0
01/04/2012;11:00;59;29;26;16;0
01/04/2012;12:00;59;29;26;16;0
01/04/2012;13:00;59;29;26;16;0
01/04/2012;14:00;59;29;26;16;0
01/04/2012;15:00;59;29;26;16;0
01/04/2012;16:00;59;29;26;16;0
01/04/2012;17:00;59;29;26;16;0
01/04/2012;18:00;59;29;26;16;0
01/04/2012;19:00;59;29;26;16;0
01/04/2012;20:00;59;29;26;16;0
01/04/2012;21:00;59;29;26;16;0
01/04/2012;22:00;59;29;26;16;0
01/04/2012;23:00;59;29;26;16;0
01/05/2012;00:00;59;29;26;16;0
01/05/2012;01:00;59;29;26;16;0
01/05/2012;02:00;59;29;26;16;0
01/05/2012;03:00;59;29;26;16;0
01/05/2012;04:00;59;29;26;16;0
01/05/2012;05:00;59;29;26;16;0
01/05/2012;06:00;59;29;26;16;0
01/05/2012;07:00;59;29;26;16;0
01/05/2012;08:00;59;29;26;16;0
01/05/2012;09:00;59;29;26;16;0
01/05/2012;10:00;59;29;26;16;0
01/05/2012;11:00;59;29;26;16;0
01/05/2012;12:00;59;29;26;16;0
01/05/2012;13:00;59;29;26;16;0
01/05/2012;14:00;59;29;26;16;0
01/05/2012;15:00;59;29;26;16;0
01/05/2012;16:00;59;29;26;16;0
01/05/2012;17:00;59;29;26;16;0
01/05/2012;18:00;59;29;26;16;0
01/05/2012;19:00;59;29;26;16;0
01/05/2012;20:00;59;29;26;16;0
01/05/2012;21:00;59;29;26;16;0
01/05/2012;22:00;59;29;26;16;0
01/05/2012;23:00;59;29;26;16;0
01/06/2012;00:00;59;29;26;16;0
01/06/2012;01:00;59;29;26;15;0
01/06/2012;02:00;59;29;26;15;0
01/06/2012;03:00;59;29;26;15;0
01/06/2012;04:00;59;29;26;15;0
01/06/2012;05:00;59;29;26;15;0
01/06/2012;06:00;59;29;26;15;0
01/06/2012;07:00;59;29;26;15;0
01/06/2012;08:00;59;29;26;15;0
01/06/2012;09:00;59;29;26;15;0
01/06/2012;10:00;59;29;26;15;0
01/06/2012;11:00;59;29;26;15;0
01/06/2012;12:00;59;29;26;15;0
01/06/2012;13:00;59;29;26;15;0
01/06/2012;14:00;59;29;26;15;0
01/06/2012;15:00;59;29;26;15;0
01/06/2012;16:00;59;29;26;15;0
01/06/2012;17:00;59;29;26;15;0
01/06/2012;18:00;59;29;26;15;0
01/06/2012;19:00;59;29;26;15;0
01/06/2012;20:00;59;29;26;15;0
01/06/2012;21:00;59;29;26;15;0
01/06/2012;22:00;59;29;26;15;0
01/06/2012;23:00;59;29;26;15;0
01/07/2012;00:00;59;29;26;15;0
01/07/2012;01:00;59;29;26;15;0
01/07/2012;02:00;59;29;26;15;0
01/07/2012;03:00;59;29;26;15;0
01/07/2012;04:00;59;29;26;15;0
01/07/2012;05:00;59;29;26;15;0
01/07/2012;06:00;59;29;26;15;0
01/07/2012;07:00;59;29;26;15;0
01/07/2012;08:00;59;29;26;15;0
01/07/2012;09:00;59;28;26;15;0
01/07/2012;10:00;59;28;25;15;0
01/07/2012;11:00;59;28;25;15;0
01/07/2012;12:00;59;28;25;15;0
01/07/2012;13:00;59;28;25;15;0
01/07/2012;14:00;59;28;25;15;0
01/07/2012;15:00;59;28;25;15;0
01/07/2012;16:00;59;28;25;15;0
01/07/2012;17:00;59;28;25;15;0
01/07/2012;18:00;59;28;25;15;0
01/07/2012;19:00;59;28;25;15;0
01/07/2012;20:00;59;28;25;15;0
01/07/2012;21:00;59;28;25;15;0
01/07/2012;22:00;59;28;25;15;0
01/07/2012;23:00;59;28;25;15;0
01/08/2012;00:00;59;28;25;15;0
01/08/2012;01:00;59;28;25;15;0
01/08/2012;02:00;59;28;25;15;0
01/08/2012;03:00;58;28;25;15;0
01/08/2012;04:00;58;28;25;15;0
01/08/2012;05:00;58;28;25;15;0
01/08/2012;06:00;58;28;25;15;0
01/08/2012;07:00;58;28;25;15;0
01/08/2012;08:00;58;28;25;15;0
01/08/2012;09:00;58;28;25;15;0
01/08/2012;10:00;58;28;25;15;0
01/08/2012;11:00;58;28;25;15;0
01/08/2012;12:00;58;28;25;15;0
01/08/2012;13:00;58;28;25;15;0
01/08/2012;14:00;58;28;25;15;0
01/08/2012;15:00;58;28;25;15;0
01/08/2012;16:00;58;28;25;15;0
01/08/2012;17:00;58;28;25;15;0
01/08/2012;18:00;58;28;25;15;0
01/08/2012;19:00;58;28;25;15;0
01/08/2012;20:00;58;28;25;15;0
01/08/2012;21:00;58;28;25;15;0
01/08/2012;22:00;58;28;25;15;0
01/08/2012;23:00;58;28;25;15;0
01/09/2012;00:00;58;28;25;15;0
01/09/2012;01:00;58;28;25;15;0
01/09/2012;02:00;58;28;25;15;0
01/09/2012;03:00;58;28;25;15;0
01/09/2012;04:00;58;28;25;15;0
01/09/2012;05:00;58;28;25;15;0
01/09/2012;06:00;58;28;25;15;0
01/09/2012;07:00;58;28;25;15;0
01/09/2012;08:00;58;28;25;15;0
01/09/2012;09:00;58;28;25;15;0
01/09/2012;10:00;58;28;25;15;0
01/09/2012;11:00;58;28;25;15;0
01/09/2012;12:00;58;28;25;15;0
01/09/2012;13:00;58;28;25;15;0
01/09/2012;14:00;58;28;25;15;0
01/09/2012;15:00;58;28;25;15;0
01/09/2012;16:00;58;28;25;15;0
01/09/2012;17:00;58;28;25;15;0
01/09/2012;18:00;58;28;25;15;0
01/09/2012;19:00;58;28;25;15;0
01/09/2012;20:00;58;28;25;15;0
01/09/2012;21:00;58;28;25;15;0
01/09/2012;22:00;58;28;25;15;0
01/09/2012;23:00;58;28;25;15;0
01/10/2012;00:00;58;28;25;15;0
01/10/2012;01:00;58;28;25;15;0
01/10/2012;02:00;58;28;25;15;0
01/10/2012;03:00;58;28;25;15;0
01/10/2012;04:00;58;28;25;15;0
01/10/2012;05:00;58;28;25;15;0
01/10/2012;06:00;58;28;25;15;0
01/10/2012;07:00;58;28;25;15;0
01/10/2012;08:00;58;28;25;15;0
01/10/2012;09:00;58;28;25;15;0
01/10/2012;10:00;58;28;25;15;0
01/10/2012;11:00;58;28;25;15;0
01/10/2012;12:00;58;28;25;15;0
01/10/2012;13:00;58;28;25;15;0
01/10/2012;14:00;58;28;25;15;0
01/10/2012;15:00;58;28;25;15;0
01/10/2012;16:00;58;28;25;15;0
01/10/2012;17:00;58;28;25;15;0
01/10/2012;18:00;58;28;25;15;0
01/10/2012;19:00;58;28;25;15;0
01/10/2012;20:00;58;28;25;15;0
01/10/2012;21:00;58;28;25;15;0
01/10/2012;22:00;58;28;25;15;0
01/10/2012;23:00;58;28;25;15;0
01/11/2012;00:00;58;28;25;15;0
01/11/2012;01:00;58;28;25;15;0
01/11/2012;02:00;58;28;25;15;0
01/11/2012;03:00;58;28;25;15;0
01/11/2012;04:00;58;28;25;15;0
01/11/2012;05:00;58;27;25;15;0
01/11/2012;06:00;58;27;25;15;0
01/11/2012;07:00;58;27;25;15;0
01/11/2012;08:00;58;27;25;15;0
01/11/2012;09:00;58;27;25;15;0
01/11/2012;10:00;58;27;25;15;0
01/11/2012;11:00;58;27;25;15;0
01/11/2012;12:00;58;27;25;15;0
01/11/2012;13:00;58;27;25;15;0
01/11/2012;14:00;58;27;25;15;0
01/11/2012;15:00;58;27;25;15;0
01/11/2012;16:00;58;27;25;15;0
01/11/2012;17:00;58;27;25;15;0
01/11/2012;18:00;58;27;25;15;0
01/11/2012;19:00;58;27;25;15;0
01/11/2012;20:00;58;27;25;15;0
01/11/2012;21:00;58;27;25;15;0
01/11/2012;22:00;58;27;25;15;0
01/11/2012;23:00;58;27;25;15;0
01/12/2012;00:00;57;27;25;15;0
01/12/2012;01:00;57;27;25;15;0
01/12/2012;02:00;57;27;25;15;0
01/12/2012;03:00;57;27;25;15;0
01/12/2012;04:00;57;27;25;15;0
01/12/2012;05:00;57;27;25;15;0
01/12/2012;06:00;57;27;25;15;0
01/12/2012;07:00;57;27;25;15;0
01/12/2012;08:00;57;27;25;15;0
01/12/2012;09:00;57;27;25;15;0
01/12/2012;10:00;57;27;25;15;0
01/12/2012;11:00;57;27;25;15;0
01/12/2012;12:00;57;27;25;15;0
01/12/2012;13:00;57;27;25;15;0
01/12/2012;14:00;57;27;25;15;0
01/12/2012;15:00;57;27;25;15;0
01/12/2012;16:00;57;27;25;15;0
01/12/2012;17:00;57;27;25;15;0
01/12/2012;18:00;57;27;25;15;0
01/12/2012;19:00;57;27;25;15;0
01/12/2012;20:00;57;27;25;15;0
01/12/2012;21:00;57;27;25;15;0
01/12/2012;22:00;57;27;25;15;0
01/12/2012;23:00;57;27;25;15;0
01/01/2013;00:00;57;27;25;15;0
01/01/2013;01:00;57;27;25;15;0
01/01/2013;02:00;57;27;25;15;0
01/01/2013;03:00;57;27;25;15;0
01/01/2013;04:00;57;27;25;15;0
01/01/2013;05:00;57;27;25;15;0
01/01/2013;06:00;57;27;25;15;0
01/01/2013;07:00;57;27;25;15;0
01/01/2013;08:00;57;27;25;15;0
01/01/2013;09:00;57;27;25;15;0
01/01/2013;10:00;57;27;25;15;0
01/01/2013;11:00;57;27;25;15;0
01/01/2013;12:00;57;27;25;15;0
01/01/2013;13:00;57;27;25;15;0
01/01/2013;14:00;57;27;25;15;0
01/01/2013;15:00;57;27;25;15;0
01/01/2013;16:00;57;27;25;15;0
01/01/2013;17:00;57;27;25;15;0
01/01/2013;18:00;57;27;25;15;0
01/01/2013;19:00;57;27;25;15;0
01/01/2013;20:00;57;27;25;15;0
01/01/2013;21:00;57;27;25;15;0
01/01/2013;22:00;57;27;25;15;0
01/01/2013;23:00;57;27;25;15;0
01/02/2013;00:00;57;27;25;15;0
01/02/2013;01:00;57;27;25;15;0
01/02/2013;02:00;57;27;25;15;0
01/02/2013;03:00;57;27;25;15;0
01/02/2013;04:00;57;27;25;15;0
01/02/2013;05:00;57;27;25;15;0
01/02/2013;06:00;57;27;25;15;0
01/02/2013;07:00;57;27;25;15;0
01/02/2013;08:00;57;27;25;15;0
01/02/2013;09:00;57;27;25;15;0
01/02/2013;10:00;57;27;25;15;0
01/02/2013;11:00;57;27;25;15;0
01/02/2013;12:00;57;27;25;15;0
01/02/2013;13:00;57;27;25;15;0
01/02/2013;14:00;57;27;25;15;0
01/02/2013;15:00;57;27;25;15;0
01/02/2013;16:00;57;27;25;15;0
01/02/2013;17:00;57;27;25;15;0
01/02/2013;18:00;57;27;25;15;0
01/02/2013;19:00;57;27;25;15;0
01/02/2013;20:00;57;27;25;15;0
01/02/2013;21:00;57;27;25;15;0
01/02/2013;22:00;57;27;25;15;0
01/02/2013;23:00;57;27;25;15;0
01/03/2013;00:00;57;27;25;15;0
01/03/2013;01:00;57;27;25;15;0
01/03/2013;02:00;57;27;25;15;0
01/03/2013;03:00;57;27;25;15;0
01/03/2013;04:00;57;27;25;15;0
01/03/2013;05:00;57;27;25;15;0
01/03/2013;06:00;57;27;25;15;0
01/03/2013;07:00;57;27;25;15;0
01/03/2013;08:00;57;27;25;15;0
01/03/2013;09:00;57;27;25;15;0
01/03/2013;10:00;57;27;25;15;0
01/03/2013;11:00;57;27;25;15;0
01/03/2013;12:00;57;27;25;15;0
01/03/2013;13:00;57;27;25;15;0
01/03/2013;14:00;57;27;25;15;0
01/03/2013;15:00;57;27;25;15;0
01/03/2013;16:00;57;27;25;15;0
01/03/2013;17:00;57;27;25;15;0
01/03/2013;18:00;57;27;25;15;0
01/03/2013;19:00;57;27;25;15;0
01/03/2013;20:00;57;27;25;15;0
01/03/2013;21:00;57;27;25;15;0
01/03/2013;22:00;57;27;25;15;0
01/03/2013;23:00;57;27;25;15;0
01/04/2013;00:00;57;27;25;15;0
01/04/2013;01:00;57;27;25;15;0
01/04/2013;02:00;57;27;25;15;0
01/04/2013;03:00;57;27;25;15;0
01/04/2013;04:00;57;27;25;15;0
01/04/2013;05:00;57;27;25;15;0
01/04/2013;06:00;57;27;25;15;0
01/04/2013;07:00;56;27;25;15;0
01/04/2013;08:00;56;27;25;15;0
01/04/2013;09:00;56;27;25;15;0
01/04/2013;10:00;56;26;25;15;0
01/04/2013;11:00;56;26;25;15;0
01/04/2013;12:00;56;26;25;15;0
01/04/2013;13:00;56;26;25;15;0
01/04/2013;14:00;56;26;25;15;0
01/04/2013;15:00;56;26;25;15;0
01/04/2013;16:00;56;26;25;15;0
01/04/2013;17:00;56;26;24;14;0
01/04/2013;18:00;56;26;24;14;0
01/04/2013;19:00;56;26;24;14;0
01/04/2013;20:00;56;26;24;14;0
01/04/2013;21:00;56;26;24;14;0
01/04/2013;22:00;56;26;24;14;0
01/04/2013;23:00;56;26;24;14;0
01/05/2013;00:00;56;26;24;14;0
01/05/2013;01:00;56;26;24;14;0
01/05/2013;02:00;56;26;24;14;0
01/05/2013;03:00;56;26;24;14;0
01/05/2013;04:00;56;26;24;14;0
01/05/2013;05:00;56;26;24;14;0
01/05/2013;06:00;56;26;24;14;0
01/05/2013;07:00;56;26;24;14;0
01/05/2013;08:00;56;26;24;14;0
01/05/2013;09:00;56;26;24;14;0
01/05/2013;10:00;56;26;24;14;0
01/05/2013;11:00;56;26;24;14;0
01/05/2013;12:00;56;26;24;14;0
01/05/2013;13:00;56;26;24;14;0
01/05/2013;14:00;56;26;24;14;0
01/05/2013;15:00;56;26;24;14;0
01/05/2013;16:00;56;26;24;14;0
01/05/2013;17:00;56;26;24;14;0
01/05/2013;18:00;56;26;24;14;0
01/05/2013;19:00;56;26;24;14;0
01/05/2013;20:00;56;26;24;14;0
01/05/2013;21:00;56;26;24;14;0
01/05/2013;22:00;56;26;24;14;0
01/05/2013;23:00;56;26;24;14;0
01/06/2013;00:00;56;26;24;14;0
01/06/2013;01:00;56;26;24;14;0
01/06/2013;02:00;56;26;24;14;0
01/06/2013;03:00;56;26;24;14;0
01/06/2013;04:00;56;26;24;14;0
01/06/2013;05:00;56;26;24;14;0
01/06/2013;06:00;56;26;24;14;0
01/06/2013;07:00;56;26;24;14;0
01/06/2013;08:00;56;26;24;14;0
01/06/2013;09:00;56;26;24;14;0
01/06/2013;10:00;56;26;24;14;0
01/06/2013;11:00;56;26;24;14;0
01/06/2013;12:00;56;26;24;14;0
01/06/2013;13:00;56;26;24;14;0
01/06/2013;14:00;56;26;24;14;0
01/06/2013;15:00;56;26;24;14;0
01/06/2013;16:00;56;26;24;14;0
01/06/2013;17:00;56;26;24;14;0
01/06/2013;18:00;56;26;24;14;0
01/06/2013;19:00;56;26;24;14;0
01/06/2013;20:00;56;26;24;14;0
01/06/2013;21:00;56;26;24;14;0
01/06/2013;22:00;56;26;24;14;0
01/06/2013;23:00;56;26;24;14;0
01/07/2013;00:00;56;26;24;14;0
01/07/2013;01:00;56;26;24;14;0
01/07/2013;02:00;56;26;24;14;0
01/07/2013;03:00;56;26;24;14;0
01/07/2013;04:00;56;26;24;14;0
01/07/2013;05:00;56;26;24;14;0
01/07/2013;06:00;56;26;24;14;0
01/07/2013;07:00;56;26;24;14;0
01/07/2013;08:00;56;26;24;14;0
01/07/2013;09:00;56;26;24;14;0
01/07/2013;10:00;56;26;24;14;0
01/07/2013;11:00;56;26;24;14;0
01/07/2013;12:00;56;26;24;14;0
01/07/2013;13:00;56;26;24;14;0
01/07/2013;14:00;56;26;24;14;0
01/07/2013;15:00;56;26;24;14;0
01/07/2013;16:00;56;26;24;14;0
01/07/2013;17:00;56;26;24;14;0
01/07/2013;18:00;56;26;24;14;0
01/07/2013;19:00;56;26;24;14;0
01/07/2013;20:00;56;26;24;14;0
01/07/2013;21:00;56;26;24;14;0
01/07/2013;22:00;56;26;24;14;0
01/07/2013;23:00;56;26;24;14;0
01/08/2013;00:00;56;26;24;14;0
01/08/2013;01:00;56;26;24;14;0
01/08/2013;02:00;56;26;24;14;0
01/08/2013;03:00;56;26;24;14;0
01/08/2013;04:00;56;26;24;14;0
01/08/2013;05:00;56;26;24;14;0
01/08/2013;06:00;56;26;24;14;0
01/08/2013;07:00;56;26;24;14;0
01/08/2013;08:00;56;26;24;14;0
01/08/2013;09:00;55;26;24;14;0
01/08/2013;10:00;55;26;24;14;0
01/08/2013;11:00;55;26;24;14;0
01/08/2013;12:00;55;26;24;14;0
01/08/2013;13:00;55;26;24;14;0
01/08/2013;14:00;55;26;24;14;0
01/08/2013;15:00;55;26;24;14;0
01/08/2013;16:00;55;26;24;14;0
01/08/2013;17:00;55;26;24;14;0
01/08/2013;18:00;55;26;24;14;0
01/08/2013;19:00;55;26;24;14;0
01/08/2013;20:00;55;26;24;14;0
01/08/2013;21:00;55;26;24;14;0
01/08/2013;22:00;55;26;24;14;0
01/08/2013;23:00;55;26;24;14;0
01/09/2013;00:00;55;26;24;14;0
01/09/2013;01:00;55;26;24;14;0
01/09/2013;02:00;55;25;24;14;0
01/09/2013;03:00;55;25;24;14;0
01/09/2013;04:00;55;25;24;14;0
01/09/2013;05:00;55;25;24;14;0
01/09/2013;06:00;55;25;24;14;0
01/09/2013;07:00;55;25;24;14;0
01/09/2013;08:00;55;25;24;14;0
01/09/2013;09:00;55;25;24;14;0
01/09/2013;10:00;55;25;24;14;0
01/09/2013;11:00;55;25;24;14;0
01/09/2013;12:00;55;25;24;14;0
01/09/2013;13:00;55;25;24;14;0
01/09/2013;14:00;55;25;24;14;0
01/09/2013;15:00;55;25;24;14;0
01/09/2013;16:00;55;25;24;14;0
01/09/2013;17:00;55;25;24;14;0
01/09/2013;18:00;55;25;24;14;0
01/09/2013;19:00;55;25;24;14;0
01/09/2013;20:00;55;25;24;14;0
01/09/2013;21:00;55;25;24;14;0
01/09/2013;22:00;55;25;24;14;0
01/09/2013;23:00;55;25;24;14;0
01/10/2013;00:00;55;25;24;14;0
01/10/2013;01:00;55;25;24;14;0
01/10/2013;02:00;55;25;24;14;0
01/10/2013;03:00;55;25;24;14;0
01/10/2013;04:00;55;25;24;14;0
01/10/2013;05:00;55;25;24;14;0
01/10/2013;06:00;55;25;24;14;0
01/10/2013;07:00;55;25;24;14;0
01/10/2013;08:00;55;25;24;14;0
01/10/2013;09:00;55;25;24;14;0
01/10/2013;10:00;55;25;24;14;0
01/10/2013;11:00;55;25;24;14;0
01/10/2013;12:00;55;25;24;14;0
01/10/2013;13:00;55;25;24;14;0
01/10/2013;14:00;55;25;24;14;1
01/10/2013;15:00;55;25;24;14;1
01/10/2013;16:00;55;25;24;14;1
01/10/2013;17:00;55;25;24;14;1
01/10/2013;18:00;55;25;24;14;1
01/10/2013;19:00;55;25;24;14;1
01/10/2013;20:00;55;25;24;14;1
01/10/2013;21:00;55;25;24;14;1
01/10/2013;22:00;55;25;24;14;1
01/10/2013;23:00;55;25;24;14;1
01/11/2013;00:00;55;25;24;14;1
01/11/2013;01:00;55;25;24;14;1
01/11/2013;02:00;55;25;24;14;1
01/11/2013;03:00;55;25;24;14;1
01/11/2013;04:00;55;25;24;14;1
01/11/2013;05:00;55;25;24;14;1
01/11/2013;06:00;55;25;24;14;1
01/11/2013;07:00;55;25;24;14;1
01/11/2013;08:00;55;25;24;14;1
01/11/2013;09:00;55;25;24;14;1
01/11/2013;10:00;55;25;24;14;1
01/11/2013;11:00;55;25;24;14;1
01/11/2013;12:00;55;25;24;14;1
01/11/2013;13:00;55;25;24;14;1
01/11/2013;14:00;55;25;24;14;1
01/11/2013;15:00;55;25;24;14;1
01/11/2013;16:00;55;25;24;14;1
01/11/2013;17:00;55;25;24;14;1
01/11/2013;18:00;55;25;24;14;1
01/11/2013;19:00;55;25;24;14;1
01/11/2013;20:00;55;25;24;14;1
01/11/2013;21:00;55;25;24;14;1
01/11/2013;22:00;55;25;24;14;1
01/11/2013;23:00;55;25;24;14;1
01/12/2013;00:00;55;25;24;14;1
01/12/2013;01:00;55;25;24;14;1
01/12/2013;02:00;55;25;24;14;1
01/12/2013;03:00;55;25;24;14;1
01/12/2013;04:00;55;25;24;14;1
01/12/2013;05:00;55;25;24;14;1
01/12/2013;06:00;55;25;24;14;1
01/12/2013;07:00;55;25;24;14;1
01/12/2013;08:00;55;25;24;14;1
01/12/2013;09:00;55;25;24;14;1
01/12/2013;10:00;55;25;24;14;1
01/12/2013;11:00;55;25;24;14;1
01/12/2013;12:00;55;25;24;14;1
01/12/2013;13:00;55;25;24;14;1
01/12/2013;14:00;55;25;24;14;1
01/12/2013;15:00;55;25;24;14;1
01/12/2013;16:00;55;25;24;14;1
01/12/2013;17:00;55;25;24;14;1
01/12/2013;18:00;55;25;24;14;1
01/12/2013;19:00;55;25;24;14;1
01/12/2013;20:00;55;25;24;14;1
01/12/2013;21:00;55;25;24;14;1
01/12/2013;22:00;55;25;24;14;1
01/12/2013;23:00;55;25;24;14;1
01/01/2014;00:00;55;25;24;14;1
01/01/2014;01:00;55;25;24;14;1
01/01/2014;02:00;55;25;24;14;1
01/01/2014;03:00;54;25;24;14;1
01/01/2014;04:00;54;24;24;14;1
01/01/2014;05:00;54;24;24;14;1
01/01/2014;06:00;54;24;24;14;1
01/01/2014;07:00;54;24;24;14;1
01/01/2014;08:00;54;24;24;14;1
01/01/2014;09:00;54;24;24;14;1
01/01/2014;10:00;54;24;24;14;1
01/01/2014;11:00;54;24;24;14;1
01/01/2014;12:00;54;24;24;14;1
01/01/2014;13:00;54;24;24;14;1
01/01/2014;14:00;54;24;24;14;1
01/01/2014;15:00;54;24;24;14;1
01/01/2014;16:00;54;24;24;14;1
01/01/2014;17:00;54;24;24;14;1
01/01/2014;18:00;54;24;24;14;1
01/01/2014;19:00;54;24;24;14;1
01/01/2014;20:00;54;24;24;14;1
01/01/2014;21:00;54;24;24;14;1
01/01/2014;22:00;54;24;24;14;1
01/01/2014;23:00;54;24;24;14;1
01/02/2014;00:00;54;24;24;14;1
01/02/2014;01:00;54;24;24;14;1
01/02/2014;02:00;54;24;23;14;1
01/02/2014;03:00;54;24;23;14;1
01/02/2014;04:00;54;24;23;14;1
01/02/2014;05:00;54;24;23;14;1
01/02/2014;06:00;54;24;23;14;1
01/02/2014;07:00;54;24;23;14;1
01/02/2014;08:00;54;24;23;14;1
01/02/2014;09:00;54;24;23;14;1
01/02/2014;10:00;54;24;23;14;1
01/02/2014;11:00;54;24;23;14;1
01/02/2014;12:00;54;24;23;14;1
01/02/2014;13:00;54;24;23;14;1
01/02/2014;14:00;54;24;23;14;1
01/02/2014;15:00;54;24;23;14;1
01/02/2014;16:00;54;24;23;14;1
01/02/2014;17:00;54;24;23;14;1
01/02/2014;18:00;54;24;23;14;1
01/02/2014;19:00;54;24;23;14;1
01/02/2014;20:00;54;24;23;14;1
01/02/2014;21:00;54;24;23;14;1
01/02/2014;22:00;54;24;23;14;1
01/02/2014;23:00;54;24;23;14;1
01/03/2014;00:00;54;24;23;14;1
01/03/2014;01:00;54;24;23;14;1
01/03/2014;02:00;54;24;23;14;1
01/03/2014;03:00;54;24;23;14;1
01/03/2014;04:00;54;24;23;14;1
01/03/2014;05:00;54;24;23;14;1
01/03/2014;06:00;54;24;23;14;1
01/03/2014;07:00;54;24;23;14;1
01/03/2014;08:00;54;24;23;14;1
01/03/2014;09:00;54;24;23;14;1
01/03/2014;10:00;54;24;23;14;1
01/03/2014;11:00;54;24;23;14;1
01/03/2014;12:00;54;24;23;14;1
01/03/2014;13:00;54;24;23;14;1
01/03/2014;14:00;54;24;23;14;1
01/03/2014;15:00;54;24;23;14;1
01/03/2014;16:00;54;24;23;14;1
01/03/2014;17:00;54;24;23;14;1
01/03/2014;18:00;54;24;23;14;1
01/03/2014;19:00;54;24;23;14;1
01/03/2014;20:00;54;24;23;14;1
01/03/2014;21:00;54;24;23;14;1
01/03/2014;22:00;54;24;23;14;1
01/03/2014;23:00;54;24;23;14;1
01/04/2014;00:00;54;24;23;14;1
01/04/2014;01:00;54;24;23;14;1
01/04/2014;02:00;54;24;23;14;1
01/04/2014;03:00;54;24;23;14;1
01/04/2014;04:00;54;24;23;14;1
01/04/2014;05:00;54;24;23;14;1
01/04/2014;06:00;54;24;23;14;1
01/04/2014;07:00;54;24;23;14;1
01/04/2014;08:00;54;24;23;14;1
01/04/2014;09:00;54;24;23;14;1
01/04/2014;10:00;54;24;23;14;1
01/04/2014;11:00;54;24;23;14;1
01/04/2014;12:00;54;24;23;14;1
01/04/2014;13:00;54;24;23;14;1
01/04/2014;14:00;54;24;23;14;1
01/04/2014;15:00;54;24;23;14;1
01/04/2014;16:00;54;24;23;14;1
01/04/2014;17:00;54;24;23;14;1
01/04/2014;18:00;54;24;23;14;1
01/04/2014;19:00;54;24;23;14;1
01/04/2014;20:00;54;24;23;14;1
01/04/2014;21:00;54;24;23;14;1
01/04/2014;22:00;54;24;23;14;1
01/04/2014;23:00;54;24;23;14;1
01/05/2014;00:00;54;24;23;14;1
01/05/2014;01:00;54;24;23;14;1
01/05/2014;02:00;54;24;23;14;1
01/05/2014;03:00;54;24;23;14;1
01/05/2014;04:00;54;24;23;14;1
01/05/2014;05:00;54;24;23;14;1
01/05/2014;06:00;54;24;23;14;1
01/05/2014;07:00;54;24;23;14;1
01/05/2014;08:00;54;24;23;14;1
01/05/2014;09:00;54;24;23;14;1
01/05/2014;10:00;54;24;23;14;1
01/05/2014;11:00;54;24;23;14;1
01/05/2014;12:00;54;24;23;14;1
01/05/2014;13:00;54;24;23;14;1
01/05/2014;14:00;54;24;23;14;1
01/05/2014;15:00;54;24;23;14;1
01/05/2014;16:00;54;24;23;14;1
01/05/2014;17:00;53;24;23;14;1
01/05/2014;18:00;53;24;23;14;1
01/05/2014;19:00;53;24;23;14;1
01/05/2014;20:00;53;24;23;14;1
01/05/2014;21:00;53;24;23;14;1
01/05/2014;22:00;53;24;23;14;1
01/05/2014;23:00;53;24;23;14;1
01/06/2014;00:00;53;23;23;14;1
01/06/2014;01:00;53;23;23;14;1
01/06/2014;02:00;53;23;23;14;1
01/06/2014;03:00;53;23;23;14;1
01/06/2014;04:00;53;23;23;13;1
01/06/2014;05:00;53;23;23;13;1
01/06/2014;06:00;53;23;23;13;1
01/06/2014;07:00;53;23;23;13;1
01/06/2014;08:00;53;23;23;13;1
01/06/2014;09:00;53;23;23;13;1
01/06/2014;10:00;53;23;23;13;1
01/06/2014;11:00;53;23;23;13;1
01/06/2014;12:00;53;23;23;13;1
01/06/2014;13:00;53;23;23;13;1
01/06/2014;14:00;53;23;23;13;1
01/06/2014;15:00;53;23;23;13;1
01/06/2014;16:00;53;23;23;13;1
01/06/2014;17:00;53;23;23;13;1
01/06/2014;18:00;53;23;23;13;1
01/06/2014;19:00;53;23;23;13;1
01/06/2014;20:00;53;23;23;13;1
01/06/2014;21:00;53;23;23;13;1
01/06/2014;22:00;53;23;23;13;1
01/06/2014;23:00;53;23;23;13;1
01/07/2014;00:00;53;23;23;13;1
01/07/2014;01:00;53;23;23;13;1
01/07/2014;02:00;53;23;23;13;1
01/07/2014;03:00;53;23;23;13;1
01/07/2014;04:00;53;23;23;13;1
01/07/2014;05:00;53;23;23;13;1
01/07/2014;06:00;53;23;23;13;1
01/07/2014;07:00;53;23;23;13;1
01/07/2014;08:00;53;23;23;13;1
01/07/2014;09:00;53;23;23;13;1
01/07/2014;10:00;53;23;23;13;1
01/07/2014;11:00;53;23;23;13;1
01/07/2014;12:00;53;23;23;13;1
01/07/2014;13:00;53;23;23;13;1
01/07/2014;14:00;53;23;23;13;1
01/07/2014;15:00;53;23;23;13;1
01/07/2014;16:00;53;23;23;13;1
01/07/2014;17:00;53;23;23;13;1
01/07/2014;18:00;53;23;23;13;1
01/07/2014;19:00;53;23;23;13;1
01/07/2014;20:00;53;23;23;13;1
01/07/2014;21:00;53;23;23;13;1
01/07/2014;22:00;53;23;23;13;1
01/07/2014;23:00;53;23;23;13;1
01/08/2014;00:00;53;23;23;13;1
01/08/2014;01:00;53;23;23;13;1
01/08/2014;02:00;53;23;23;13;1
01/08/2014;03:00;53;23;23;13;1
01/08/2014;04:00;53;23;23;13;1
01/08/2014;05:00;53;23;23;13;1
01/08/2014;06:00;53;23;23;13;1
01/08/2014;07:00;53;23;23;13;1
01/08/2014;08:00;53;23;23;13;1
01/08/2014;09:00;53;23;23;13;1
01/08/2014;10:00;53;23;23;13;1
01/08/2014;11:00;53;23;23;13;1
01/08/2014;12:00;53;23;23;13;1
01/08/2014;13:00;53;23;23;13;1
01/08/2014;14:00;53;23;23;13;1
01/08/2014;15:00;53;23;23;13;1
01/08/2014;16:00;53;23;23;13;1
01/08/2014;17:00;53;23;23;13;1
01/08/2014;18:00;53;23;23;13;1
01/08/2014;19:00;53;23;23;13;1
01/08/2014;20:00;53;23;23;13;1
01/08/2014;21:00;53;23;23;13;1
01/08/2014;22:00;53;23;23;13;1
01/08/2014;23:00;53;23;23;13;1
01/09/2014;00:00;53;23;23;13;1
01/09/2014;01:00;53;23;23;13;1
01/09/2014;02:00;53;23;23;13;1
01/09/2014;03:00;53;23;23;13;1
01/09/2014;04:00;53;23;23;13;1
01/09/2014;05:00;52;23;23;13;1
01/09/2014;06:00;52;23;23;13;1
01/09/2014;07:00;52;23;23;13;1
01/09/2014;08:00;52;23;23;13;1
01/09/2014;09:00;52;23;23;13;1
01/09/2014;10:00;52;23;23;13;1
01/09/2014;11:00;52;23;23;13;1
01/09/2014;12:00;52;23;23;13;1
01/09/2014;13:00;52;23;23;13;1
01/09/2014;14:00;52;23;23;13;1
01/09/2014;15:00;52;23;23;13;1
01/09/2014;16:00;52;23;23;13;1
01/09/2014;17:00;52;23;23;13;1
01/09/2014;18:00;52;23;23;13;1
01/09/2014;19:00;52;23;23;13;1
01/09/2014;20:00;52;23;23;13;1
01/09/2014;21:00;52;23;23;13;1
01/09/2014;22:00;52;23;23;13;1
01/09/2014;23:00;52;23;23;13;1
01/10/2014;00:00;52;23;23;13;1
01/10/2014;01:00;52;23;23;13;1
01/10/2014;02:00;52;23;23;13;1
01/10/2014;03:00;52;23;23;13;1
01/10/2014;04:00;52;23;23;13;1
01/10/2014;05:00;52;23;23;13;1
01/10/2014;06:00;52;23;23;13;1
01/10/2014;07:00;52;23;23;13;1
01/10/2014;08:00;52;23;23;13;1
01/10/2014;09:00;52;23;23;13;1
01/10/2014;10:00;52;23;23;13;1
01/10/2014;11:00;52;23;23;13;1
01/10/2014;12:00;52;23;23;13;1
01/10/2014;13:00;52;23;23;13;1
01/10/2014;14:00;52;23;23;13;1
01/10/2014;15:00;52;23;23;13;1
01/10/2014;16:00;52;23;23;13;1
01/10/2014;17:00;52;23;23;13;1
01/10/2014;18:00;52;23;23;13;1
01/10/2014;19:00;52;23;23;13;1
01/10/2014;20:00;52;23;23;13;1
01/10/2014;21:00;52;23;23;13;1
01/10/2014;22:00;52;23;23;13;1
01/10/2014;23:00;52;23;23;13;1
01/11/2014;00:00;52;23;23;13;1
01/11/2014;01:00;52;23;23;13;1
01/11/2014;02:00;52;23;23;13;1
01/11/2014;03:00;52;23;23;13;1
01/11/2014;04:00;52;23;23;13;1
01/11/2014;05:00;52;23;23;13;1
01/11/2014;06:00;52;23;23;13;1
01/11/2014;07:00;52;23;23;13;1
01/11/2014;08:00;52;23;23;13;1
01/11/2014;09:00;52;23;23;13;1
01/11/2014;10:00;52;23;23;13;1
01/11/2014;11:00;52;23;23;13;1
01/11/2014;12:00;52;23;23;13;1
01/11/2014;13:00;52;23;23;13;1
01/11/2014;14:00;52;22;23;13;1
01/11/2014;15:00;52;22;23;13;1
01/11/2014;16:00;52;22;23;13;1
01/11/2014;17:00;52;22;23;13;1
01/11/2014;18:00;52;22;23;13;1
01/11/2014;19:00;52;22;23;13;1
01/11/2014;20:00;52;22;23;13;1
01/11/2014;21:00;52;22;23;13;1
01/11/2014;22:00;52;22;23;13;1
01/11/2014;23:00;52;22;23;13;1
01/12/2014;00:00;52;22;23;13;1
01/12/2014;01:00;52;22;22;13;1
01/12/2014;02:00;52;22;22;13;1
01/12/2014;03:00;52;22;22;13;1
01/12/2014;04:00;52;22;22;13;1
01/12/2014;05:00;52;22;22;13;1
01/12/2014;06:00;52;22;22;13;1
01/12/2014;07:00;52;22;22;13;1
01/12/2014;08:00;52;22;22;13;1
01/12/2014;09:00;52;22;22;13;1
01/12/2014;10:00;52;22;22;13;1
01/12/2014;11:00;52;22;22;13;1
01/12/2014;12:00;52;22;22;13;1
01/12/2014;13:00;52;22;22;13;1
01/12/2014;14:00;52;22;22;13;1
01/12/2014;15:00;52;22;22;13;1
01/12/2014;16:00;52;22;22;13;1
01/12/2014;17:00;52;22;22;13;1
01/12/2014;18:00;52;22;22;13;1
01/12/2014;19:00;52;22;22;13;1
01/12/2014;20:00;52;22;22;13;1
01/12/2014;21:00;52;22;22;13;1
01/12/2014;22:00;52;22;22;13;1
01/12/2014;23:00;52;22;22;13;1
01/01/2015;00:00;52;22;22;13;1
01/01/2015;01:00;51;22;22;13;1
01/01/2015;02:00;51;22;22;13;1
01/01/2015;03:00;51;22;22;13;1
01/01/2015;04:00;51;22;22;13;1
01/01/2015;05:00;51;22;22;13;1
01/01/2015;06:00;51;22;22;13;1
01/01/2015;07:00;51;22;22;13;1
01/01/2015;08:00;51;22;22;13;1
01/01/2015;09:00;51;22;22;13;1
01/01/2015;10:00;51;22;22;13;1
01/01/2015;11:00;51;22;22;13;1
01/01/2015;12:00;51;22;22;13;1
01/01/2015;13:00;51;22;22;13;1
01/01/2015;14:00;51;22;22;13;1
01/01/2015;15:00;51;22;22;13;1
01/01/2015;16:00;51;22;22;13;1
01/01/2015;17:00;51;22;22;13;1
01/01/2015;18:00;51;22;22;13;1
01/01/2015;19:00;51;22;22;13;1
01/01/2015;20:00;51;22;22;13;1
01/01/2015;21:00;51;22;22;13;1
01/01/2015;22:00;51;22;22;13;1
01/01/2015;23:00;51;22;22;13;1
01/02/2015;00:00;51;22;22;13;1
01/02/2015;01:00;51;22;22;13;1
01/02/2015;02:00;51;22;22;13;1
01/02/2015;03:00;51;22;22;13;1
01/02/2015;04:00;51;22;22;13;1
01/02/2015;05:00;51;22;22;13;1
01/02/2015;06:00;51;22;22;13;1
01/02/2015;07:00;51;22;22;13;1
01/02/2015;08:00;51;22;22;13;1
01/02/2015;09:00;51;22;22;13;1
01/02/2015;10:00;51;22;22;13;1
01/02/2015;11:00;51;22;22;13;1
01/02/2015;12:00;51;22;22;13;1
01/02/2015;13:00;51;22;22;13;1
01/02/2015;14:00;51;22;22;13;1
01/02/2015;15:00;51;22;22;13;1
01/02/2015;16:00;51;22;22;13;1
01/02/2015;17:00;51;22;22;13;1
01/02/2015;18:00;51;22;22;13;1
01/02/2015;19:00;51;22;22;13;1
01/02/2015;20:00;51;22;22;13;1
01/02/2015;21:00;51;22;22;13;1
01/02/2015;22:00;51;22;22;13;1
01/02/2015;23:00;51;22;22;13;1
01/03/2015;00:00;51;22;22;13;1
01/03/2015;01:00;51;22;22;13;1
01/03/2015;02:00;51;22;22;13;1
01/03/2015;03:00;51;22;22;13;1
01/03/2015;04:00;51;22;22;13;1
01/03/2015;05:00;51;22;22;13;1
01/03/2015;06:00;51;22;22;13;1
01/03/2015;07:00;51;22;22;13;1
01/03/2015;08:00;51;22;22;13;1
01/03/2015;09:00;51;22;22;13;1
01/03/2015;10:00;51;22;22;13;1
01/03/2015;11:00;51;22;22;13;1
01/03/2015;12:00;51;22;22;13;1
01/03/2015;13:00;51;22;22;13;1
01/03/2015;14:00;51;22;22;13;1
01/03/2015;15:00;51;22;22;13;1
01/03/2015;16:00;51;22;22;13;1
01/03/2015;17:00;51;22;22;13;1
01/03/2015;18:00;51;22;22;13;1
01/03/2015;19:00;51;22;22;13;1
01/03/2015;20:00;51;22;22;13;1
01/03/2015;21:00;51;22;22;13;1
01/03/2015;22:00;51;22;22;13;1
01/03/2015;23:00;51;22;22;13;1
01/04/2015;00:00;51;22;22;13;1
01/04/2015;01:00;51;22;22;13;1
01/04/2015;02:00;51;22;22;13;1
01/04/2015;03:00;51;22;22;13;1
01/04/2015;04:00;51;22;22;13;1
01/04/2015;05:00;51;22;22;13;1
01/04/2015;06:00;51;22;22;13;1
01/04/2015;07:00;51;22;22;13;1
01/04/2015;08:00;51;22;22;13;1
01/04/2015;09:00;51;22;22;13;1
01/04/2015;10:00;51;22;22;13;1
01/04/2015;11:00;51;22;22;13;1
01/04/2015;12:00;51;22;22;13;1
01/04/2015;13:00;51;22;22;13;1
01/04/2015;14:00;51;22;22;13;1
01/04/2015;15:00;51;22;22;13;1
01/04/2015;16:00;51;22;22;13;1
01/04/2015;17:00;51;22;22;13;1
01/04/2015;18:00;51;22;22;13;1
01/04/2015;19:00;51;21;22;13;1
01/04/2015;20:00;51;21;22;13;1
01/04/2015;21:00;51;21;22;13;1
01/04/2015;22:00;51;21;22;13;1
01/04/2015;23:00;51;21;22;13;1
01/05/2015;00:00;51;21;22;13;1
01/05/2015;01:00;51;21;22;13;1
01/05/2015;02:00;51;21;22;13;1
01/05/2015;03:00;51;21;22;13;1
01/05/2015;04:00;51;21;22;13;1
01/05/2015;05:00;51;21;22;13;1
01/05/2015;06:00;51;21;22;13;1
01/05/2015;07:00;51;21;22;13;1
01/05/2015;08:00;51;21;22;13;1
01/05/2015;09:00;51;21;22;13;1
01/05/2015;10:00;51;21;22;13;1
01/05/2015;11:00;51;21;22;13;1
01/05/2015;12:00;50;21;22;13;1
01/05/2015;13:00;50;21;22;13;1
01/05/2015;14:00;50;21;22;13;1
01/05/2015;15:00;50;21;22;13;1
01/05/2015;16:00;50;21;22;13;1
01/05/2015;17:00;50;21;22;13;1
01/05/2015;18:00;50;21;22;13;1
01/05/2015;19:00;50;21;22;13;1
01/05/2015;20:00;50;21;22;13;1
01/05/2015;21:00;50;21;22;13;1
01/05/2015;22:00;50;21;22;13;1
01/05/2015;23:00;50;21;22;13;1
01/06/2015;00:00;50;21;22;13;1
01/06/2015;01:00;50;21;22;13;1
01/06/2015;02:00;50;21;22;13;1
01/06/2015;03:00;50;21;22;13;1
01/06/2015;04:00;50;21;22;13;1
01/06/2015;05:00;50;21;22;13;1
01/06/2015;06:00;50;21;22;13;1
01/06/2015;07:00;50;21;22;13;1
01/06/2015;08:00;50;21;22;13;1
01/06/2015;09:00;50;21;22;13;1
01/06/2015;10:00;50;21;22;13;1
01/06/2015;11:00;50;21;22;13;1
01/06/2015;12:00;50;21;22;13;1
01/06/2015;13:00;50;21;22;13;1
01/06/2015;14:00;50;21;22;13;1
01/06/2015;15:00;50;21;22;13;1
01/06/2015;16:00;50;21;22;13;1
01/06/2015;17:00;50;21;22;13;1
01/06/2015;18:00;50;21;22;13;1
01/06/2015;19:00;50;21;22;13;1
01/06/2015;20:00;50;21;22;13;1
01/06/2015;21:00;50;21;22;13;1
01/06/2015;22:00;50;21;22;13;1
01/06/2015;23:00;50;21;22;13;1
01/07/2015;00:00;50;21;22;13;1
01/07/2015;01:00;50;21;22;13;1
01/07/2015;02:00;50;21;22;13;1
01/07/2015;03:00;50;21;22;13;1
01/07/2015;04:00;50;21;22;13;1
01/07/2015;05:00;50;21;22;13;1
01/07/2015;06:00;50;21;22;13;1
01/07/2015;07:00;50;21;22;13;1
01/07/2015;08:00;50;21;22;13;1
01/07/2015;09:00;50;21;22;13;1
01/07/2015;10:00;50;21;22;13;1
01/07/2015;11:00;50;21;22;13;1
01/07/2015;12:00;50;21;22;13;1
01/07/2015;13:00;50;21;22;13;1
01/07/2015;14:00;50;21;22;13;1
01/07/2015;15:00;50;21;22;13;1
01/07/2015;16:00;50;21;22;13;1
01/07/2015;17:00;50;21;22;13;1
01/07/2015;18:00;50;21;22;13;1
01/07/2015;19:00;50;21;22;13;1
01/07/2015;20:00;50;21;22;13;1
01/07/2015;21:00;50;21;22;13;1
01/07/2015;22:00;50;21;22;13;1
01/07/2015;23:00;50;21;22;13;1
01/08/2015;00:00;50;21;22;13;1
01/08/2015;01:00;50;21;22;13;1
01/08/2015;02:00;50;21;22;13;1
01/08/2015;03:00;50;21;22;13;1
01/08/2015;04:00;50;21;22;13;1
01/08/2015;05:00;50;21;22;13;1
01/08/2015;06:00;50;21;22;13;1
01/08/2015;07:00;50;21;22;13;1
01/08/2015;08:00;50;21;22;13;1
01/08/2015;09:00;50;21;22;13;1
01/08/2015;10:00;50;21;22;13;1
01/08/2015;11:00;50;21;22;13;1
01/08/2015;12:00;50;21;22;13;1
01/08/2015;13:00;50;21;22;13;1
01/08/2015;14:00;50;21;22;13;1
01/08/2015;15:00;50;21;22;13;1
01/08/2015;16:00;50;21;22;13;1
01/08/2015;17:00;50;21;22;13;1
01/08/2015;18:00;50;21;22;13;1
01/08/2015;19:00;50;21;22;13;1
01/08/2015;20:00;50;21;22;13;1
01/08/2015;21:00;50;21;22;13;1
01/08/2015;22:00;49;21;22;13;1
01/08/2015;23:00;49;21;22;13;1
01/09/2015;00:00;49;21;22;13;1
01/09/2015;01:00;49;21;22;13;1
01/09/2015;02:00;49;21;22;13;1
01/09/2015;03:00;49;21;22;13;1
01/09/2015;04:00;49;21;22;13;1
01/09/2015;05:00;49;21;22;13;1
01/09/2015;06:00;49;21;22;13;1
01/09/2015;07:00;49;21;22;13;1
01/09/2015;08:00;49;21;22;13;1
01/09/2015;09:00;49;21;22;13;1
01/09/2015;10:00;49;21;22;12;1
01/09/2015;11:00;49;21;22;12;1
01/09/2015;12:00;49;21;22;12;1
01/09/2015;13:00;49;21;22;12;1
01/09/2015;14:00;49;21;22;12;1
01/09/2015;15:00;49;21;22;12;1
01/09/2015;16:00;49;21;22;12;1
01/09/2015;17:00;49;21;22;12;1
01/09/2015;18:00;49;21;22;12;1
01/09/2015;19:00;49;21;22;12;1
01/09/2015;20:00;49;21;22;12;1
01/09/2015;21:00;49;21;22;12;1
01/09/2015;22:00;49;21;22;12;1
01/09/2015;23:00;49;20;22;12;1
01/10/2015;00:00;49;20;22;12;1
01/10/2015;01:00;49;20;22;12;1
01/10/2015;02:00;49;20;22;12;1
01/10/2015;03:00;49;20;22;12;1
01/10/2015;04:00;49;20;22;12;1
01/10/2015;05:00;49;20;22;12;1
01/10/2015;06:00;49;20;22;12;1
01/10/2015;07:00;49;20;22;12;1
01/10/2015;08:00;49;20;22;12;1
01/10/2015;09:00;49;20;22;12;1
01/10/2015;10:00;49;20;22;12;1
01/10/2015;11:00;49;20;22;12;1
01/10/2015;12:00;49;20;22;12;1
01/10/2015;13:00;49;20;22;12;1
01/10/2015;14:00;49;20;22;12;1
01/10/2015;15:00;49;20;22;12;1
01/10/2015;16:00;49;20;22;12;1
01/10/2015;17:00;49;20;22;12;1
01/10/2015;18:00;49;20;22;12;1
01/10/2015;19:00;49;20;22;12;1
01/10/2015;20:00;49;20;22;12;1
01/10/2015;21:00;49;20;22;12;1
01/10/2015;22:00;49;20;22;12;1
01/10/2015;23:00;49;20;22;12;1
01/11/2015;00:00;49;20;22;12;1
01/11/2015;01:00;49;20;21;12;1
01/11/2015;02:00;49;20;21;12;1
01/11/2015;03:00;49;20;21;12;1
01/11/2015;04:00;49;20;21;12;1
01/11/2015;05:00;49;20;21;12;1
01/11/2015;06:00;49;20;21;12;1
01/11/2015;07:00;49;20;21;12;1
01/11/2015;08:00;49;20;21;12;1
01/11/2015;09:00;49;20;21;12;1
01/11/2015;10:00;49;20;21;12;1
01/11/2015;11:00;49;20;21;12;1
01/11/2015;12:00;49;20;21;12;1
01/11/2015;13:00;49;20;21;12;1
01/11/2015;14:00;49;20;21;12;1
01/11/2015;15:00;48;20;21;12;1
01/11/2015;16:00;48;20;21;12;1
01/11/2015;17:00;48;20;21;12;1
01/11/2015;18:00;48;20;21;12;1
01/11/2015;19:00;48;20;21;12;1
01/11/2015;20:00;48;20;21;12;1
01/11/2015;21:00;48;20;21;12;1
01/11/2015;22:00;48;20;21;12;1
01/11/2015;23:00;48;20;21;12;1
01/12/2015;00:00;48;20;21;12;1
01/12/2015;01:00;48;20;21;12;1
01/12/2015;02:00;48;20;21;12;1
01/12/2015;03:00;48;20;21;12;1
01/12/2015;04:00;48;20;21;12;1
01/12/2015;05:00;48;20;21;12;1
01/12/2015;06:00;48;20;21;12;1
01/12/2015;07:00;48;20;21;12;1
01/12/2015;08:00;48;20;21;12;1
01/12/2015;09:00;48;20;21;12;1
01/12/2015;10:00;48;20;21;12;1
01/12/2015;11:00;48;20;21;12;1
01/12/2015;12:00;48;20;21;12;1
01/12/2015;13:00;48;20;21;12;1
01/12/2015;14:00;48;20;21;12;1
01/12/2015;15:00;48;20;21;12;1
01/12/2015;16:00;48;20;21;12;1
01/12/2015;17:00;48;20;21;12;1
01/12/2015;18:00;48;20;21;12;1
01/12/2015;19:00;48;20;21;12;1
01/12/2015;20:00;48;20;21;12;1
01/12/2015;21:00;48;20;21;12;1
01/12/2015;22:00;48;20;21;12;1
01/12/2015;23:00;48;20;21;12;1
01/01/2016;00:00;48;20;21;12;1
01/01/2016;01:00;48;20;21;12;1
01/01/2016;02:00;48;20;21;12;1
01/01/2016;03:00;48;20;21;12;1
01/01/2016;04:00;48;20;21;12;1
01/01/2016;05:00;48;20;21;12;1
01/01/2016;06:00;48;20;21;12;1
01/01/2016;07:00;48;20;21;12;1
01/01/2016;08:00;48;20;21;12;1
01/01/2016;09:00;48;20;21;12;1
01/01/2016;10:00;48;20;21;12;1
01/01/2016;11:00;48;20;21;12;1
01/01/2016;12:00;48;20;21;12;1
01/01/2016;13:00;48;20;21;12;1
01/01/2016;14:00;48;20;21;12;1
01/01/2016;15:00;48;20;21;12;1
01/01/2016;16:00;48;20;21;12;1
01/01/2016;17:00;48;20;21;12;1
01/01/2016;18:00;48;20;21;12;1
01/01/2016;19:00;48;20;21;12;1
01/01/2016;20:00;48;20;21;12;1
01/01/2016;21:00;48;20;21;12;1
01/01/2016;22:00;48;20;21;12;1
01/01/2016;23:00;48;20;21;12;1
01/02/2016;00:00;48;20;21;12;1
01/02/2016;01:00;48;20;21;12;1
01/02/2016;02:00;48;20;21;12;1
01/02/2016;03:00;48;20;21;12;1
01/02/2016;04:00;48;20;21;12;1
01/02/2016;05:00;48;20;21;12;1
01/02/2016;06:00;48;20;21;12;1
01/02/2016;07:00;48;20;21;12;1
01/02/2016;08:00;48;20;21;12;1
01/02/2016;09:00;48;20;21;12;1
01/02/2016;10:00;48;20;21;12;1
01/02/2016;11:00;48;20;21;12;1
01/02/2016;12:00;48;20;21;12;1
01/02/2016;13:00;48;20;21;12;1
01/02/2016;14:00;48;20;21;12;1
01/02/2016;15:00;48;20;21;12;1
01/02/2016;16:00;48;20;21;12;1
01/02/2016;17:00;48;20;21;12;1
01/02/2016;18:00;48;20;21;12;1
01/02/2016;19:00;47;20;21;12;1
01/02/2016;20:00;47;20;21;12;1
01/02/2016;21:00;47;20;21;12;1
01/02/2016;22:00;47;20;21;12;1
01/02/2016;23:00;47;20;21;12;1
01/03/2016;00:00;47;20;21;12;1
01/03/2016;01:00;47;20;21;12;1
01/03/2016;02:00;47;20;21;12;1
01/03/2016;03:00;47;20;21;12;1
01/03/2016;04:00;47;20;21;12;1
01/03/2016;05:00;47;20;21;12;1
01/03/2016;06:00;47;20;21;12;1
01/03/2016;07:00;47;20;21;12;1
01/03/2016;08:00;47;19;21;12;1
01/03/2016;09:00;47;19;21;12;1
01/03/2016;10:00;47;19;21;12;1
01/03/2016;11:00;47;19;21;12;1
01/03/2016;12:00;47;19;21;12;1
01/03/2016;13:00;47;19;21;12;1
01/03/2016;14:00;47;19;21;12;1
01/03/2016;15:00;47;19;21;12;1
01/03/2016;16:00;47;19;21;12;1
01/03/2016;17:00;47;19;21;12;1
01/03/2016;18:00;47;19;21;12;1
01/03/2016;19:00;47;19;21;12;1
01/03/2016;20:00;47;19;21;12;1
01/03/2016;21:00;47;19;21;12;1
01/03/2016;22:00;47;19;21;12;1
01/03/2016;23:00;47;19;21;12;1
01/04/2016;00:00;47;19;21;12;1
01/04/2016;01:00;47;19;21;12;1
01/04/2016;02:00;47;19;21;12;1
01/04/2016;03:00;47;19;21;12;1
01/04/2016;04:00;47;19;21;12;1
01/04/2016;05:00;47;19;21;12;1
01/04/2016;06:00;47;19;21;12;1
01/04/2016;07:00;47;19;21;12;1
01/04/2016;08:00;47;19;21;12;1
01/04/2016;09:00;47;19;21;12;1
01/04/2016;10:00;47;19;21;12;1
01/04/2016;11:00;47;19;21;12;1
01/04/2016;12:00;47;19;21;12;1
01/04/2016;13:00;47;19;21;12;1
01/04/2016;14:00;47;19;21;12;1
01/04/2016;15:00;47;19;21;12;1
01/04/2016;16:00;47;19;21;12;1
01/04/2016;17:00;47;19;21;12;1
01/04/2016;18:00;47;19;21;12;1
01/04/2016;19:00;47;19;21;12;1
01/04/2016;20:00;47;19;21;12;1
01/04/2016;21:00;47;19;21;12;1
01/04/2016;22:00;47;19;21;12;1
01/04/2016;23:00;47;19;21;12;1
01/05/2016;00:00;47;19;21;12;1
01/05/2016;01:00;47;19;21;12;1
01/05/2016;02:00;47;19;21;12;1
01/05/2016;03:00;47;19;21;12;1
01/05/2016;04:00;46;19;21;12;1
01/05/2016;05:00;46;19;21;12;1
01/05/2016;06:00;46;19;21;12;1
01/05/2016;07:00;46;19;21;12;1
01/05/2016;08:00;46;19;21;12;1
01/05/2016;09:00;46;19;21;12;1
01/05/2016;10:00;46;19;21;12;1
01/05/2016;11:00;46;19;21;12;1
01/05/2016;12:00;46;19;21;12;1
01/05/2016;13:00;46;19;21;12;1
01/05/2016;14:00;46;19;21;12;1
01/05/2016;15:00;46;19;21;12;1
01/05/2016;16:00;46;19;21;12;1
01/05/2016;17:00;46;19;21;12;1
01/05/2016;18:00;46;19;21;12;1
01/05/2016;19:00;46;19;21;12;1
01/05/2016;20:00;46;19;21;12;1
01/05/2016;21:00;46;19;21;12;1
01/05/2016;22:00;46;19;21;12;1
01/05/2016;23:00;46;19;21;12;1
01/06/2016;00:00;46;19;21;12;1
01/06/2016;01:00;46;19;21;12;1
01/06/2016;02:00;46;19;21;12;1
01/06/2016;03:00;46;19;21;12;1
01/06/2016;04:00;46;19;21;12;1
01/06/2016;05:00;46;19;21;12;1
01/06/2016;06:00;46;19;21;12;1
01/06/2016;07:00;46;19;21;12;1
01/06/2016;08:00;46;19;21;12;1
01/06/2016;09:00;46;19;21;12;1
01/06/2016;10:00;46;19;21;12;1
01/06/2016;11:00;46;19;21;12;1
01/06/2016;12:00;46;19;21;12;1
01/06/2016;13:00;46;19;21;12;1
01/06/2016;14:00;46;19;21;12;1
01/06/2016;15:00;46;19;21;12;1
01/06/2016;16:00;46;19;21;12;1
01/06/2016;17:00;46;19;21;12;1
01/06/2016;18:00;46;19;21;12;1
01/06/2016;19:00;46;19;21;12;1
01/06/2016;20:00;46;19;21;12;1
01/06/2016;21:00;46;19;21;12;1
01/06/2016;22:00;46;19;21;12;1
01/06/2016;23:00;46;19;21;12;1
01/07/2016;00:00;46;19;21;12;1
01/07/2016;01:00;46;19;21;12;1
01/07/2016;02:00;46;19;21;12;1
01/07/2016;03:00;46;19;21;12;1
01/07/2016;04:00;46;19;21;12;1
01/07/2016;05:00;46;19;21;12;1
01/07/2016;06:00;46;19;21;12;1
01/07/2016;07:00;46;19;21;12;1
01/07/2016;08:00;46;19;20;12;1
01/07/2016;09:00;46;19;20;12;1
01/07/2016;10:00;46;19;20;12;1
01/07/2016;11:00;46;19;20;12;1
01/07/2016;12:00;46;19;20;12;1
01/07/2016;13:00;46;19;20;12;1
01/07/2016;14:00;46;19;20;12;1
01/07/2016;15:00;46;19;20;12;1
01/07/2016;16:00;46;19;20;12;1
01/07/2016;17:00;45;19;20;12;1
01/07/2016;18:00;45;19;20;12;1
01/07/2016;19:00;45;19;20;12;1
01/07/2016;20:00;45;19;20;12;1
01/07/2016;21:00;45;19;20;12;1
01/07/2016;22:00;45;19;20;12;1
01/07/2016;23:00;45;19;20;12;1
01/08/2016;00:00;45;19;20;12;1
01/08/2016;01:00;45;19;20;12;1
01/08/2016;02:00;45;19;20;12;1
01/08/2016;03:00;45;19;20;12;1
01/08/2016;04:00;45;19;20;12;1
01/08/2016;05:00;45;19;20;12;1
01/08/2016;06:00;45;19;20;12;1
01/08/2016;07:00;45;19;20;12;1
01/08/2016;08:00;45;19;20;12;1
01/08/2016;09:00;45;19;20;12;1
01/08/2016;10:00;45;19;20;12;1
01/08/2016;11:00;45;19;20;12;1
01/08/2016;12:00;45;19;20;12;1
01/08/2016;13:00;45;18;20;12;1
01/08/2016;14:00;45;18;20;12;1
01/08/2016;15:00;45;18;20;12;1
01/08/2016;16:00;45;18;20;12;1
01/08/2016;17:00;45;18;20;12;1
01/08/2016;18:00;45;18;20;12;1
01/08/2016;19:00;45;18;20;12;1
01/08/2016;20:00;45;18;20;12;1
01/08/2016;21:00;45;18;20;12;1
01/08/2016;22:00;45;18;20;12;1
01/08/2016;23:00;45;18;20;12;1
01/09/2016;00:00;45;18;20;12;1
01/09/2016;01:00;45;18;20;12;1
01/09/2016;02:00;45;18;20;12;1
01/09/2016;03:00;45;18;20;12;1
01/09/2016;04:00;45;18;20;12;1
01/09/2016;05:00;45;18;20;12;1
01/09/2016;06:00;45;18;20;12;1
01/09/2016;07:00;45;18;20;12;1
01/09/2016;08:00;45;18;20;12;1
01/09/2016;09:00;45;18;20;12;1
01/09/2016;10:00;45;18;20;12;1
01/09/2016;11:00;45;18;20;12;1
01/09/2016;12:00;45;18;20;12;1
01/09/2016;13:00;45;18;20;12;1
01/09/2016;14:00;45;18;20;12;1
01/09/2016;15:00;45;18;20;12;1
01/09/2016;16:00;45;18;20;12;1
01/09/2016;17:00;45;18;20;12;1
01/09/2016;18:00;45;18;20;12;1
01/09/2016;19:00;45;18;20;12;1
01/09/2016;20:00;45;18;20;12;1
01/09/2016;21:00;45;18;20;12;1
01/09/2016;22:00;45;18;20;12;1
01/09/2016;23:00;44;18;20;12;1
01/10/2016;00:00;44;18;20;12;1
01/10/2016;01:00;44;18;20;12;1
01/10/2016;02:00;44;18;20;12;1
01/10/2016;03:00;44;18;20;12;1
01/10/2016;04:00;44;18;20;12;1
01/10/2016;05:00;44;18;20;12;1
01/10/2016;06:00;44;18;20;12;1
01/10/2016;07:00;44;18;20;12;1
01/10/2016;08:00;44;18;20;12;1
01/10/2016;09:00;44;18;20;12;1
01/10/2016;10:00;44;18;20;12;1
01/10/2016;11:00;44;18;20;12;1
01/10/2016;12:00;44;18;20;12;1
01/10/2016;13:00;44;18;20;12;1
01/10/2016;14:00;44;18;20;12;1
01/10/2016;15:00;44;18;20;12;1
01/10/2016;16:00;44;18;20;12;1
01/10/2016;17:00;44;18;20;12;1
01/10/2016;18:00;44;18;20;12;1
01/10/2016;19:00;44;18;20;12;1
01/10/2016;20:00;44;18;20;12;1
01/10/2016;21:00;44;18;20;12;1
01/10/2016;22:00;44;18;20;12;1
01/10/2016;23:00;44;18;20;12;1
01/11/2016;00:00;44;18;20;12;1
01/11/2016;01:00;44;18;20;12;1
01/11/2016;02:00;44;18;20;12;1
01/11/2016;03:00;44;18;20;12;1
01/11/2016;04:00;44;18;20;12;1
01/11/2016;05:00;44;18;20;12;1
01/11/2016;06:00;44;18;20;12;1
01/11/2016;07:00;44;18;20;12;1
01/11/2016;08:00;44;18;20;12;1
01/11/2016;09:00;44;18;20;12;1
01/11/2016;10:00;44;18;20;12;1
01/11/2016;11:00;44;18;20;12;1
01/11/2016;12:00;44;18;20;11;1
01/11/2016;13:00;44;18;20;11;1
01/11/2016;14:00;44;18;20;11;1
01/11/2016;15:00;44;18;20;11;1
01/11/2016;16:00;44;18;20;11;1
01/11/2016;17:00;44;18;20;11;1
01/11/2016;18:00;44;18;20;11;1
01/11/2016;19:00;44;18;20;11;1
01/11/2016;20:00;44;18;20;11;1
01/11/2016;21:00;44;18;20;11;1
01/11/2016;22:00;44;18;20;11;1
01/11/2016;23:00;44;18;20;11;1
01/12/2016;00:00;43;18;20;11;1
01/12/2016;01:00;43;18;20;11;1
01/12/2016;02:00;43;18;20;11;1
01/12/2016;03:00;43;18;20;11;1
01/12/2016;04:00;43;18;20;11;1
01/12/2016;05:00;43;18;20;11;1
01/12/2016;06:00;43;18;20;11;1
01/12/2016;07:00;43;18;20;11;1
01/12/2016;08:00;43;18;20;11;1
01/12/2016;09:00;43;18;20;11;1
01/12/2016;10:00;43;18;20;11;1
01/12/2016;11:00;43;17;20;11;1
01/12/2016;12:00;43;17;20;11;1
01/12/2016;13:00;43;17;20;11;1
01/12/2016;14:00;43;17;20;11;1
01/12/2016;15:00;43;17;20;11;1
01/12/2016;16:00;43;17;20;11;1
01/12/2016;17:00;43;17;20;11;1
01/12/2016;18:00;43;17;20;11;1
01/12/2016;19:00;43;17;20;11;1
01/12/2016;20:00;43;17;20;11;1
01/12/2016;21:00;43;17;20;11;1
01/12/2016;22:00;43;17;20;11;1
01/12/2016;23:00;43;17;20;11;1
01/01/2017;00:00;43;17;20;11;1
01/01/2017;01:00;43;17;20;11;1
01/01/2017;02:00;43;17;20;11;1
01/01/2017;03:00;43;17;20;11;1
01/01/2017;04:00;43;17;20;11;1
01/01/2017;05:00;43;17;20;11;1
01/01/2017;06:00;43;17;20;11;1
01/01/2017;07:00;43;17;20;11;1
01/01/2017;08:00;43;17;20;11;1
01/01/2017;09:00;43;17;20;11;1
01/01/2017;10:00;43;17;20;11;1
01/01/2017;11:00;43;17;20;11;1
01/01/2017;12:00;43;17;20;11;1
01/01/2017;13:00;43;17;20;11;1
01/01/2017;14:00;43;17;20;11;1
01/01/2017;15:00;42;17;20;11;1
01/01/2017;16:00;42;17;20;11;1
01/01/2017;17:00;42;17;20;11;1
01/01/2017;18:00;42;17;20;11;1
01/01/2017;19:00;42;17;20;11;1
01/01/2017;20:00;42;17;20;11;1
01/01/2017;21:00;42;17;20;11;1
01/01/2017;22:00;42;17;20;11;1
01/01/2017;23:00;42;17;20;11;1
01/02/2017;00:00;42;17;20;11;1
01/02/2017;01:00;42;17;20;11;1
01/02/2017;02:00;42;17;20;11;1
01/02/2017;03:00;42;17;20;11;1
01/02/2017;04:00;42;17;20;11;1
01/02/2017;05:00;42;17;20;11;1
01/02/2017;06:00;42;17;20;11;1
01/02/2017;07:00;42;17;20;11;1
01/02/2017;08:00;42;17;20;11;1
01/02/2017;09:00;42;17;20;11;1
01/02/2017;10:00;42;17;20;11;1
01/02/2017;11:00;42;17;20;11;1
01/02/2017;12:00;42;17;20;11;1
01/02/2017;13:00;42;17;20;11;1
01/02/2017;14:00;42;17;20;11;1
01/02/2017;15:00;42;17;20;11;1
01/02/2017;16:00;42;17;20;11;1
01/02/2017;17:00;42;17;20;11;1
01/02/2017;18:00;42;17;20;11;1
01/02/2017;19:00;42;17;20;11;1
01/02/2017;20:00;42;17;20;11;1
01/02/2017;21:00;42;17;19;11;1
01/02/2017;22:00;42;17;19;11;1
01/02/2017;23:00;42;17;19;11;1
01/03/2017;00:00;42;17;19;11;1
01/03/2017;01:00;42;17;19;11;1
01/03/2017;02:00;42;17;19;11;1
01/03/2017;03:00;42;17;19;11;1
01/03/2017;04:00;42;17;19;11;1
01/03/2017;05:00;42;17;19;11;1
01/03/2017;06:00;42;17;19;11;1
01/03/2017;07:00;42;17;19;11;1
01/03/2017;08:00;42;17;19;11;1
01/03/2017;09:00;42;17;19;11;1
01/03/2017;10:00;42;17;19;11;1
01/03/2017;11:00;42;17;19;11;1
01/03/2017;12:00;42;17;19;11;1
01/03/2017;13:00;42;17;19;11;1
01/03/2017;14:00;42;17;19;11;1
01/03/2017;15:00;42;17;19;11;1
01/03/2017;16:00;42;17;19;11;1
01/03/2017;17:00;42;17;19;11;1
01/03/2017;18:00;42;17;19;11;1
01/03/2017;19:00;42;17;19;11;1
01/03/2017;20:00;42;17;19;11;1
01/03/2017;21:00;42;17;19;11;1
01/03/2017;22:00;42;17;19;11;1
01/03/2017;23:00;42;17;19;11;1
01/04/2017;00:00;42;17;19;11;1
01/04/2017;01:00;42;17;19;11;1
01/04/2017;02:00;42;17;19;11;1
01/04/2017;03:00;41;17;19;11;1
01/04/2017;04:00;41;17;19;11;1
01/04/2017;05:00;41;17;19;11;1
01/04/2017;06:00;41;17;19;11;1
01/04/2017;07:00;41;17;19;11;1
01/04/2017;08:00;41;17;19;11;1
01/04/2017;09:00;41;17;19;11;1
01/04/2017;10:00;41;17;19;11;1
01/04/2017;11:00;41;17;19;11;1
01/04/2017;12:00;41;17;19;11;1
01/04/2017;13:00;41;17;19;11;1
01/04/2017;14:00;41;17;19;11;1
01/04/2017;15:00;41;17;19;11;1
01/04/2017;16:00;41;17;19;11;1
01/04/2017;17:00;41;17;19;11;1
01/04/2017;18:00;41;17;19;11;1
01/04/2017;19:00;41;17;19;11;1
01/04/2017;20:00;41;17;19;11;1
01/04/2017;21:00;41;17;19;11;1
01/04/2017;22:00;41;17;19;11;1
01/04/2017;23:00;41;17;19;11;1
01/05/2017;00:00;41;16;19;11;1
01/05/2017;01:00;41;16;19;11;1
01/05/2017;02:00;41;16;19;11;1
01/05/2017;03:00;41;16;19;11;1
01/05/2017;04:00;41;16;19;11;1
01/05/2017;05:00;41;16;19;11;1
01/05/2017;06:00;41;16;19;11;1
01/05/2017;07:00;41;16;19;11;1
01/05/2017;08:00;41;16;19;11;1
01/05/2017;09:00;41;16;19;11;1
01/05/2017;10:00;41;16;19;11;1
01/05/2017;11:00;41;16;19;11;1
01/05/2017;12:00;41;16;19;11;1
01/05/2017;13:00;41;16;19;11;1
01/05/2017;14:00;41;16;19;11;1
01/05/2017;15:00;41;16;19;11;1
01/05/2017;16:00;41;16;19;11;1
01/05/2017;17:00;41;16;19;11;1
01/05/2017;18:00;40;16;19;11;1
01/05/2017;19:00;40;16;19;11;1
01/05/2017;20:00;40;16;19;11;1
01/05/2017;21:00;40;16;19;11;1
01/05/2017;22:00;40;16;19;11;1
01/05/2017;23:00;40;16;19;11;1
01/06/2017;00:00;40;16;19;11;1
01/06/2017;01:00;40;16;19;11;1
01/06/2017;02:00;40;16;19;11;1
01/06/2017;03:00;40;16;19;11;1
01/06/2017;04:00;40;16;19;11;1
01/06/2017;05:00;40;16;19;11;1
01/06/2017;06:00;40;16;19;11;1
01/06/2017;07:00;40;16;19;11;1
01/06/2017;08:00;40;16;19;11;1
01/06/2017;09:00;40;16;19;11;1
01/06/2017;10:00;40;16;19;11;1
01/06/2017;11:00;40;16;19;11;1
01/06/2017;12:00;40;16;19;11;1
01/06/2017;13:00;40;16;19;11;1
01/06/2017;14:00;40;16;19;11;1
01/06/2017;15:00;40;16;19;11;1
01/06/2017;16:00;40;16;19;11;1
01/06/2017;17:00;40;16;19;11;1
01/06/2017;18:00;40;16;19;11;1
01/06/2017;19:00;40;16;19;11;1
01/06/2017;20:00;40;16;19;11;1
01/06/2017;21:00;40;16;19;11;1
01/06/2017;22:00;40;16;19;11;1
01/06/2017;23:00;40;16;19;11;1
01/07/2017;00:00;40;16;19;11;1
01/07/2017;01:00;40;16;19;11;1
01/07/2017;02:00;40;16;19;11;1
01/07/2017;03:00;40;16;19;11;1
01/07/2017;04:00;40;16;19;11;1
01/07/2017;05:00;40;16;19;11;1
01/07/2017;06:00;40;16;19;11;1
01/07/2017;07:00;40;16;19;11;1
01/07/2017;08:00;40;16;19;11;1
01/07/2017;09:00;40;16;19;11;1
01/07/2017;10:00;40;16;19;11;1
01/07/2017;11:00;40;16;19;11;1
01/07/2017;12:00;40;16;19;11;1
01/07/2017;13:00;40;16;19;11;1
01/07/2017;14:00;40;16;19;11;1
01/07/2017;15:00;40;16;19;11;1
01/07/2017;16:00;40;16;19;11;1
01/07/2017;17:00;40;16;19;11;1
01/07/2017;18:00;40;16;19;11;1
01/07/2017;19:00;40;16;19;11;1
01/07/2017;20:00;40;16;19;11;1
01/07/2017;21:00;39;16;19;11;1
01/07/2017;22:00;39;16;19;11;1
01/07/2017;23:00;39;16;19;11;1
01/08/2017;00:00;39;16;19;11;1
01/08/2017;01:00;39;16;19;11;1
01/08/2017;02:00;39;16;19;11;1
01/08/2017;03:00;39;16;19;11;1
01/08/2017;04:00;39;16;19;11;1
01/08/2017;05:00;39;16;19;11;1
01/08/2017;06:00;39;16;19;11;1
01/08/2017;07:00;39;15;19;11;1
01/08/2017;08:00;39;15;19;11;1
01/08/2017;09:00;39;15;19;11;1
01/08/2017;10:00;39;15;19;11;1
01/08/2017;11:00;39;15;19;11;1
01/08/2017;12:00;39;15;19;11;1
01/08/2017;13:00;39;15;19;11;1
01/08/2017;14:00;39;15;19;11;1
01/08/2017;15:00;39;15;19;11;1
01/08/2017;16:00;39;15;19;11;1
01/08/2017;17:00;39;15;19;11;1
01/08/2017;18:00;39;15;19;11;1
01/08/2017;19:00;39;15;19;11;1
01/08/2017;20:00;39;15;19;11;1
01/08/2017;21:00;39;15;19;11;1
01/08/2017;22:00;39;15;19;11;1
01/08/2017;23:00;39;15;19;11;1
01/09/2017;00:00;39;15;19;11;1
01/09/2017;01:00;39;15;19;11;1
01/09/2017;02:00;39;15;19;11;1
01/09/2017;03:00;39;15;19;11;1
01/09/2017;04:00;39;15;19;11;1
01/09/2017;05:00;39;15;19;11;1
01/09/2017;06:00;39;15;19;11;1
01/09/2017;07:00;38;15;19;11;1
01/09/2017;08:00;38;15;19;11;1
01/09/2017;09:00;38;15;19;11;1
01/09/2017;10:00;38;15;19;11;1
01/09/2017;11:00;38;15;19;11;1
01/09/2017;12:00;38;15;19;11;1
01/09/2017;13:00;38;15;19;11;1
01/09/2017;14:00;38;15;18;11;1
01/09/2017;15:00;38;15;18;11;1
01/09/2017;16:00;38;15;18;11;1
01/09/2017;17:00;38;15;18;11;1
01/09/2017;18:00;38;15;18;11;1
01/09/2017;19:00;38;15;18;11;1
01/09/2017;20:00;38;15;18;11;1
01/09/2017;21:00;38;15;18;11;1
01/09/2017;22:00;38;15;18;11;1
01/09/2017;23:00;38;15;18;11;1
01/10/2017;00:00;38;15;18;11;1
01/10/2017;01:00;38;15;18;11;1
01/10/2017;02:00;38;15;18;11;1
01/10/2017;03:00;38;15;18;11;1
01/10/2017;04:00;38;15;18;11;1
01/10/2017;05:00;38;15;18;11;1
01/10/2017;06:00;38;15;18;11;1
01/10/2017;07:00;38;15;18;11;1
01/10/2017;08:00;37;15;18;11;1
01/10/2017;09:00;37;15;18;11;1
01/10/2017;10:00;37;15;18;11;1
01/10/2017;11:00;37;15;18;11;1
01/10/2017;12:00;37;15;18;11;1
01/10/2017;13:00;37;15;18;11;1
01/10/2017;14:00;37;15;18;11;1
01/10/2017;15:00;37;15;18;11;1
01/10/2017;16:00;37;15;18;11;1
01/10/2017;17:00;37;15;18;11;1
01/10/2017;18:00;37;15;18;11;1
01/10/2017;19:00;37;15;18;11;1
01/10/2017;20:00;37;15;18;11;1
01/10/2017;21:00;37;15;18;11;1
01/10/2017;22:00;37;15;18;11;1
01/10/2017;23:00;37;15;18;11;1
01/11/2017;00:00;37;15;18;11;1
01/11/2017;01:00;37;15;18;11;1
01/11/2017;02:00;37;15;18;11;1
01/11/2017;03:00;37;15;18;11;1
01/11/2017;04:00;37;15;18;11;1
01/11/2017;05:00;37;15;18;11;1
01/11/2017;06:00;37;15;18;11;1
01/11/2017;07:00;37;15;18;11;1
01/11/2017;08:00;37;15;18;11;1
01/11/2017;09:00;37;15;18;11;1
01/11/2017;10:00;37;15;18;11;1
01/11/2017;11:00;37;15;18;11;1
01/11/2017;12:00;37;15;18;11;1
01/11/2017;13:00;37;15;18;11;1
01/11/2017;14:00;37;14;18;11;1
01/11/2017;15:00;37;14;18;11;1
01/11/2017;16:00;37;14;18;11;1
01/11/2017;17:00;37;14;18;11;1
01/11/2017;18:00;37;14;18;11;1
01/11/2017;19:00;37;14;18;11;1
01/11/2017;20:00;37;14;18;11;1
01/11/2017;21:00;36;14;18;11;1
01/11/2017;22:00;36;14;18;11;1
01/11/2017;23:00;36;14;18;11;1
01/12/2017;00:00;36;14;18;11;1
01/12/2017;01:00;36;14;18;11;1
01/12/2017;02:00;36;14;18;11;1
01/12/2017;03:00;36;14;18;11;1
01/12/2017;04:00;36;14;18;11;1
01/12/2017;05:00;36;14;18;11;1
01/12/2017;06:00;36;14;18;10;1
01/12/2017;07:00;36;14;18;10;1
01/12/2017;08:00;36;14;18;10;1
01/12/2017;09:00;36;14;18;10;1
01/12/2017;10:00;36;14;18;10;1
01/12/2017;11:00;36;14;18;10;1
01/12/2017;12:00;36;14;18;10;1
01/12/2017;13:00;36;14;18;10;1
01/12/2017;14:00;36;14;18;10;1
01/12/2017;15:00;36;14;18;10;1
01/12/2017;16:00;36;14;18;10;1
01/12/2017;17:00;36;14;18;10;1
01/12/2017;18:00;36;14;18;10;1
01/12/2017;19:00;36;14;18;10;1
01/12/2017;20:00;36;14;18;10;1
01/12/2017;21:00;36;14;18;10;1
01/12/2017;22:00;36;14;18;10;1
01/12/2017;23:00;36;14;18;10;1
01/01/2018;00:00;36;14;18;10;1
01/01/2018;01:00;36;14;18;10;1
01/01/2018;02:00;36;14;18;10;1
01/01/2018;03:00;36;14;18;10;1
01/01/2018;04:00;36;14;18;10;1
01/01/2018;05:00;36;14;18;10;1
01/01/2018;06:00;36;14;18;10;1
01/01/2018;07:00;36;14;18;10;1
01/01/2018;08:00;36;14;18;10;1
01/01/2018;09:00;36;14;18;10;1
01/01/2018;10:00;36;14;18;10;1
01/01/2018;11:00;36;14;18;10;1
01/01/2018;12:00;36;14;18;10;1
01/01/2018;13:00;36;14;18;10;1
01/01/2018;14:00;36;14;18;10;1
01/01/2018;15:00;36;14;18;10;1
01/01/2018;16:00;35;14;18;10;1
01/01/2018;17:00;35;14;18;10;1
01/01/2018;18:00;35;14;18;10;1
01/01/2018;19:00;35;14;18;10;1
01/01/2018;20:00;35;14;18;10;1
01/01/2018;21:00;35;14;18;10;1
01/01/2018;22:00;35;14;18;10;1
01/01/2018;23:00;35;14;18;10;1
01/02/2018;00:00;35;14;18;10;1
01/02/2018;01:00;35;14;18;10;1
01/02/2018;02:00;35;13;18;10;1
01/02/2018;03:00;35;13;18;10;1
01/02/2018;04:00;35;13;18;10;1
01/02/2018;05:00;35;13;18;10;1
01/02/2018;06:00;35;13;18;10;1
01/02/2018;07:00;35;13;18;10;1
01/02/2018;08:00;35;13;18;10;1
01/02/2018;09:00;35;13;18;10;1
01/02/2018;10:00;35;13;18;10;1
01/02/2018;11:00;35;13;18;10;1
01/02/2018;12:00;35;13;18;10;1
01/02/2018;13:00;35;13;18;10;1
01/02/2018;14:00;35;13;18;10;1
01/02/2018;15:00;35;13;18;10;1
01/02/2018;16:00;35;13;18;10;1
01/02/2018;17:00;35;13;18;10;1
01/02/2018;18:00;35;13;18;10;1
01/02/2018;19:00;35;13;18;10;1
01/02/2018;20:00;35;13;18;10;1
01/02/2018;21:00;35;13;18;10;1
01/02/2018;22:00;35;13;17;10;1
01/02/2018;23:00;35;13;17;10;1
01/03/2018;00:00;35;13;17;10;1
01/03/2018;01:00;34;13;17;10;1
01/03/2018;02:00;34;13;17;10;1
01/03/2018;03:00;34;13;17;10;1
01/03/2018;04:00;34;13;17;10;1
01/03/2018;05:00;34;13;17;10;1
01/03/2018;06:00;34;13;17;10;1
01/03/2018;07:00;34;13;17;10;1
01/03/2018;08:00;34;13;17;10;1
01/03/2018;09:00;34;13;17;10;1
01/03/2018;10:00;34;13;17;10;1
01/03/2018;11:00;34;13;17;10;1
01/03/2018;12:00;34;13;17;10;1
01/03/2018;13:00;34;13;17;10;1
01/03/2018;14:00;34;13;17;10;1
01/03/2018;15:00;34;13;17;10;1
01/03/2018;16:00;34;13;17;10;1
01/03/2018;17:00;34;13;17;10;1
01/03/2018;18:00;34;13;17;10;1
01/03/2018;19:00;34;13;17;10;1
01/03/2018;20:00;34;13;17;10;1
01/03/2018;21:00;34;13;17;10;1
01/03/2018;22:00;34;13;17;10;1
01/03/2018;23:00;34;13;17;10;1
01/04/2018;00:00;34;13;17;10;1
01/04/2018;01:00;34;13;17;10;1
01/04/2018;02:00;34;12;17;10;1
01/04/2018;03:00;34;12;17;10;1
01/04/2018;04:00;34;12;17;10;1
01/04/2018;05:00;34;12;17;10;1
01/04/2018;06:00;34;12;17;10;1
01/04/2018;07:00;34;12;17;10;1
01/04/2018;08:00;34;12;17;10;1
01/04/2018;09:00;34;12;17;10;1
01/04/2018;10:00;34;12;17;10;1
01/04/2018;11:00;34;12;17;10;1
01/04/2018;12:00;34;12;17;10;1
01/04/2018;13:00;34;12;17;10;1
01/04/2018;14:00;34;12;17;10;1
01/04/2018;15:00;34;12;17;10;1
01/04/2018;16:00;34;12;17;10;1
01/04/2018;17:00;34;12;17;10;1
01/04/2018;18:00;34;12;17;10;1
01/04/2018;19:00;34;12;17;10;1
01/04/2018;20:00;34;12;17;10;1
01/04/2018;21:00;34;12;17;10;1
01/04/2018;22:00;34;12;17;10;1
01/04/2018;23:00;34;12;17;10;1
01/05/2018;00:00;34;12;17;10;1
01/05/2018;01:00;34;12;17;10;1
01/05/2018;02:00;34;12;17;10;1
01/05/2018;03:00;33;12;17;10;1
01/05/2018;04:00;33;12;17;10;1
01/05/2018;05:00;33;12;17;10;1
01/05/2018;06:00;33;12;17;10;1
01/05/2018;07:00;33;12;17;10;1
01/05/2018;08:00;33;12;17;10;1
01/05/2018;09:00;33;12;17;10;1
01/05/2018;10:00;33;12;17;10;1
01/05/2018;11:00;33;12;17;10;1
01/05/2018;12:00;33;12;17;10;1
01/05/2018;13:00;33;12;17;10;1
01/05/2018;14:00;33;12;17;10;1
01/05/2018;15:00;33;12;17;10;1
01/05/2018;16:00;33;12;17;10;1
01/05/2018;17:00;33;12;17;10;1
01/05/2018;18:00;33;12;17;10;1
01/05/2018;19:00;33;12;17;10;1
01/05/2018;20:00;33;12;17;10;1
01/05/2018;21:00;33;12;17;10;1
01/05/2018;22:00;33;12;17;10;1
01/05/2018;23:00;33;12;17;10;1
01/06/2018;00:00;33;12;17;10;1
01/06/2018;01:00;33;12;17;10;1
01/06/2018;02:00;33;12;17;10;1
01/06/2018;03:00;33;12;17;10;1
01/06/2018;04:00;32;12;17;10;1
01/06/2018;05:00;32;12;17;10;1
01/06/2018;06:00;32;12;17;10;1
01/06/2018;07:00;32;12;17;10;1
01/06/2018;08:00;32;12;17;10;1
01/06/2018;09:00;32;12;17;10;1
01/06/2018;10:00;32;12;17;10;1
01/06/2018;11:00;32;11;17;10;1
01/06/2018;12:00;32;11;17;10;1
01/06/2018;13:00;32;11;17;10;1
01/06/2018;14:00;32;11;17;10;1
01/06/2018;15:00;32;11;17;10;1
01/06/2018;16:00;32;11;17;10;1
01/06/2018;17:00;32;11;17;10;1
01/06/2018;18:00;32;11;17;10;1
01/06/2018;19:00;32;11;17;10;1
01/06/2018;20:00;32;11;17;10;1
01/06/2018;21:00;32;11;17;10;1
01/06/2018;22:00;32;11;17;10;1
01/06/2018;23:00;32;11;17;10;1
01/07/2018;00:00;32;11;17;10;1
01/07/2018;01:00;32;11;17;10;1
01/07/2018;02:00;32;11;17;10;1
01/07/2018;03:00;32;11;17;10;1
01/07/2018;04:00;32;11;17;10;1
01/07/2018;05:00;32;11;16;10;1
01/07/2018;06:00;32;11;16;10;1
01/07/2018;07:00;32;11;16;10;1
01/07/2018;08:00;32;11;16;10;1
01/07/2018;09:00;32;11;16;10;1
01/07/2018;10:00;31;11;16;9;1
01/07/2018;11:00;31;11;16;9;1
01/07/2018;12:00;31;11;16;9;1
01/07/2018;13:00;31;11;16;9;1
01/07/2018;14:00;31;11;16;9;1
01/07/2018;15:00;31;11;16;9;1
01/07/2018;16:00;31;11;16;9;1
01/07/2018;17:00;31;11;16;9;1
01/07/2018;18:00;31;11;16;9;1
01/07/2018;19:00;31;11;16;9;1
01/07/2018;20:00;31;11;16;9;1
01/07/2018;21:00;31;11;16;9;1
01/07/2018;22:00;31;11;16;9;1
01/07/2018;23:00;31;11;16;9;1
01/08/2018;00:00;31;11;16;9;1
01/08/2018;01:00;31;11;16;9;1
01/08/2018;02:00;31;11;16;9;1
01/08/2018;03:00;31;11;16;9;1
01/08/2018;04:00;31;11;16;9;1
01/08/2018;05:00;31;11;16;9;1
01/08/2018;06:00;31;11;16;9;1
01/08/2018;07:00;31;11;16;9;1
01/08/2018;08:00;31;11;16;9;1
01/08/2018;09:00;31;11;16;9;1
01/08/2018;10:00;31;11;16;9;1
01/08/2018;11:00;31;11;16;9;1
01/08/2018;12:00;30;11;16;9;1
01/08/2018;13:00;30;11;16;9;1
01/08/2018;14:00;30;11;16;9;1
01/08/2018;15:00;30;11;16;9;1
01/08/2018;16:00;30;11;16;9;1
01/08/2018;17:00;30;11;16;9;1
01/08/2018;18:00;30;11;16;9;1
01/08/2018;19:00;30;11;16;9;1
01/08/2018;20:00;30;11;16;9;1
01/08/2018;21:00;30;11;16;9;1
01/08/2018;22:00;30;10;16;9;1
01/08/2018;23:00;30;10;16;9;1
01/09/2018;00:00;30;10;16;9;1
01/09/2018;01:00;30;10;16;9;1
01/09/2018;02:00;30;10;16;9;1
01/09/2018;03:00;30;10;16;9;1
01/09/2018;04:00;30;10;16;9;1
01/09/2018;05:00;30;10;16;9;1
01/09/2018;06:00;30;10;16;9;1
01/09/2018;07:00;30;10;16;9;1
01/09/2018;08:00;30;10;16;9;1
01/09/2018;09:00;30;10;16;9;1
01/09/2018;10:00;30;10;16;9;1
01/09/2018;11:00;30;10;16;9;1
01/09/2018;12:00;30;10;16;9;1
01/09/2018;13:00;30;10;16;9;1
01/09/2018;14:00;30;10;16;9;1
01/09/2018;15:00;30;10;16;9;1
01/09/2018;16:00;30;10;16;9;1
01/09/2018;17:00;29;10;16;9;1
01/09/2018;18:00;29;10;16;9;1
01/09/2018;19:00;29;10;16;9;1
01/09/2018;20:00;29;10;16;9;1
01/09/2018;21:00;29;10;16;9;1
01/09/2018;22:00;29;10;16;9;1
01/09/2018;23:00;29;10;16;9;1
01/10/2018;00:00;29;10;16;9;1
01/10/2018;01:00;29;10;16;9;1
01/10/2018;02:00;29;10;15;9;1
01/10/2018;03:00;29;10;15;9;1
01/10/2018;04:00;29;10;15;9;1
01/10/2018;05:00;29;10;15;9;1
01/10/2018;06:00;29;10;15;9;1
01/10/2018;07:00;29;10;15;9;1
01/10/2018;08:00;29;10;15;9;1
01/10/2018;09:00;29;10;15;9;1
01/10/2018;10:00;29;10;15;9;1
01/10/2018;11:00;29;10;15;8;1
01/10/2018;12:00;29;10;15;8;1
01/10/2018;13:00;29;10;15;8;1
01/10/2018;14:00;29;10;15;8;1
01/10/2018;15:00;29;10;15;8;1
01/10/2018;16:00;29;10;15;8;1
01/10/2018;17:00;29;10;15;8;1
01/10/2018;18:00;29;10;15;8;1
01/10/2018;19:00;29;10;15;8;1
01/10/2018;20:00;29;10;15;8;1
01/10/2018;21:00;29;10;15;8;1
01/10/2018;22:00;29;10;15;8;1
01/10/2018;23:00;28;10;15;8;1
01/11/2018;00:00;28;10;15;8;1
01/11/2018;01:00;28;10;15;8;1
01/11/2018;02:00;28;10;15;8;1
01/11/2018;03:00;28;9;15;8;1
01/11/2018;04:00;28;9;15;8;1
01/11/2018;05:00;28;9;15;8;1
01/11/2018;06:00;28;9;15;8;1
01/11/2018;07:00;28;9;15;8;1
01/11/2018;08:00;28;9;15;8;1
01/11/2018;09:00;28;9;15;8;1
01/11/2018;10:00;28;9;14;8;1
01/11/2018;11:00;28;9;14;8;1
01/11/2018;12:00;28;9;14;8;1
01/11/2018;13:00;27;9;14;8;1
01/11/2018;14:00;27;9;14;8;1
01/11/2018;15:00;27;9;14;8;1
01/11/2018;16:00;27;9;14;8;1
01/11/2018;17:00;27;9;14;8;1
01/11/2018;18:00;27;9;14;8;1
01/11/2018;19:00;27;9;14;8;1
01/11/2018;20:00;27;9;14;8;1
01/11/2018;21:00;27;9;14;8;1
01/11/2018;22:00;27;9;14;8;1
01/11/2018;23:00;27;9;14;8;1
01/12/2018;00:00;27;9;14;8;1
01/12/2018;01:00;27;9;14;8;1
01/12/2018;02:00;26;9;14;8;1
01/12/2018;03:00;26;9;14;8;1
01/12/2018;04:00;26;9;14;8;1
01/12/2018;05:00;26;8;14;7;1
01/12/2018;06:00;26;8;14;7;1
01/12/2018;07:00;26;8;14;7;1
01/12/2018;08:00;26;8;14;7;1
01/12/2018;09:00;26;8;14;7;1
01/12/2018;10:00;25;8;14;7;1
01/12/2018;11:00;25;8;13;7;1
01/12/2018;12:00;25;8;13;7;1
01/12/2018;13:00;25;8;13;7;1
01/12/2018;14:00;25;8;13;7;1
01/12/2018;15:00;24;8;13;7;1
01/12/2018;16:00;24;8;13;7;1
01/12/2018;17:00;24;8;13;7;1
01/12/2018;18:00;23;8;13;7;1
01/12/2018;19:00;23;8;13;7;1
01/12/2018;20:00;23;7;12;7;1
01/12/2018;21:00;22;7;12;7;1
01/12/2018;22:00;22;7;12;6;1
01/12/2018;23:00;21;6;12;6;1
